sgRNA ID,Gene,sgRNA Sequence
sg1,Gene1,TTTTTTTTTATTTTTGTTCT
sg2,Gene2,ATTAGCTTTTTCTTTGTATC
sg3,Gene3,CTTTTATCTTTCTTTTATTG
sg4,Gene4,GGTTTTTTTCTATTGCTTTT
sg5,Gene5,TTTTTCTTTTTTTTTTCCTC
sg6,Gene6,ATATTTTTTTTTTTTTTTTT
sg7,Gene7,CATTACTTTTTCCTATTGCT
sg8,Gene8,TTTTGTTTTGTTTTTTTGTG
sg9,Gene9,TTTTTTTTTTTTTTATTTTT
sg10,Gene10,TTTTGTATTTCTTCTTTTTT
sg11,Gene11,TTTTATTGTTTTTTTTTTTT
sg12,Gene12,CTTTTTTTCTAGCTTCTTTT
sg13,Gene13,TTTTTTTTTATGTTTTTCTT
sg14,Gene14,AACTGTCTTTATTTGAGGAT
sg15,Gene15,TTTTTTTACTTATTTTTTTG
sg16,Gene16,GGTATTATCCTTTCTTATTT
sg17,Gene17,TTTATATTTTTTATGTTTTC
sg18,Gene18,TGTTTTTTTTTTATTTGTTT
sg19,Gene19,TTCTTTTTTTTTTATTTTTA
sg20,Gene20,ATTTTTTACGATATGTTTTT
sg21,Gene21,TTTTTTTTTTTTTTATTTTG
sg22,Gene22,CTCTTTGTTTTTTGTTTTTT
sg23,Gene23,ATATTTTTTTTTTTTTTTCT
sg24,Gene24,TTTTTTACTCTTTGTTTTGT
sg25,Gene25,TTTTTGTTTTTTTTTTTGTT
sg26,Gene26,TTTTTTTTAATTTTTTGTTT
sg27,Gene27,ATTTTGTTTTTTTTTCTTTT
sg28,Gene28,TTTGCTTTTTGTTTTTGTTT
sg29,Gene29,TATTTTTTTTTGTTCTTCTT
sg30,Gene30,TTTCTATTTTTTTTTTTTTT
sg31,Gene31,TTATTTTTTGCTTTTTTTTT
sg32,Gene32,TTGTTCTTTTTTTTCTTTGT
sg33,Gene33,TTCTTTTTTTTTTATTCTTA
sg34,Gene34,TTTTTTTTTATTTTTTATTT
sg35,Gene35,TTTTTTTTTATCTTTTGTGT
sg36,Gene36,TTATATTTTTTTTTTTTTTT
sg37,Gene37,TTTATTTCATTTATCTTTTT
sg38,Gene38,CTTTTATAGTGTTTTTTTTT
sg39,Gene39,TTTCATTTTTTTTCTTCGTT
sg40,Gene40,TGCGTTGTTCTTTCTTTTTT
sg41,Gene41,TTTTTGCTTTTTTTTCTTTT
sg42,Gene42,TTTTCTGTTTTTTTTTTTTA
sg43,Gene43,TTTTGTTTTTTCGTGTCTCT
sg44,Gene44,TTTTTTTTCTTCTTGTACTT
sg45,Gene45,TTTTTTTTTTTCTTTCTTTT
sg46,Gene46,TTTTTCTTTTATCTTTTTCT
sg47,Gene47,TTGTTTTATTCTTTTTTCTA
sg48,Gene48,TTTTTTTTTTTGTTTTTTTT
sg49,Gene49,TTTTTTTTTTTTTTGTTTGT
sg50,Gene50,TTTTAGTGCCCTTTTTTTTT
sg51,Gene51,TTTTTTTTTCTTTCTATTTT
sg52,Gene52,CTTATAGTATTTTTTTTCTT
sg53,Gene53,TTTCGCTTTTTTTTTTTTTT
sg54,Gene54,TTTTTTCGTTTATTTTTATT
sg55,Gene55,TTTATATTTTTTGTTTTTTT
sg56,Gene56,TTGTTGTTTTTGTTATTTGT
sg57,Gene57,TTTATTGTTTTTTTTGTCTT
sg58,Gene58,TATTGTTTTTTTTGGTTTTT
sg59,Gene59,TTTTTTTTTTTTTTTTTTTA
sg60,Gene60,TTTTGTCTTTTTTATTTTAT
sg61,Gene61,TTTTCTTTCTTTTTTGTTTT
sg62,Gene62,TGTTGTTTTGGTTGTCTTTT
sg63,Gene63,TTTTATTTTTTTTTTTTTTT
sg64,Gene64,TTTTTATTTTTTTTTTTTTT
sg65,Gene65,TTTTTTTTTTTTCTGTTTAT
sg66,Gene66,TCTTTTTTTGTTCTTAGTTT
sg67,Gene67,CTTTTGTTTCTTTTTATTTT
sg68,Gene68,CTTTCTTTTCTAGTGTTTTC
sg69,Gene69,TTTTTTTTCTTTTTATTCCT
sg70,Gene70,CTTATTCGTTTTTTTCTTTC
sg71,Gene71,TTATTTTCTCTTTTTTTTTT
sg72,Gene72,TTTTTTTTTTAATATTATTT
sg73,Gene73,TTTTATTTTTTCTTTTTTCT
sg74,Gene74,TTTTTTTACTTTTCTCTGTT
sg75,Gene75,TATTTTTTTTTTTTTTTTTA
sg76,Gene76,TTTCTGTCTTTGATTTTTTT
sg77,Gene77,GTTATTATTTTTTTGTTTTT
sg78,Gene78,TTTTTTTTTTTTTTTTCTTT
sg79,Gene79,TTTTTTTTTCTCTACTGTTT
sg80,Gene80,TTTTTTTCTTTTTTTTTCTT
sg81,Gene81,TTGATGTTATTTTTTTTTTC
sg82,Gene82,TTCTTTTTTTATTGATTTTT
sg83,Gene83,TTTTTTTGTTTTATTTTTTG
sg84,Gene84,TTTTTATTTTTTTTTTTTTA
sg85,Gene85,TTTATTTTTTTTTTTTTTTA
sg86,Gene86,TTTTTTTTTTTATTTTCTTC
sg87,Gene87,TTTTATTTTTCTGCTTTTTT
sg88,Gene88,TGTTTTTTTTTTTGTTTTTT
sg89,Gene89,TTTTTGTTTTTTTGTCTTTT
sg90,Gene90,TAATTTTTTTTTCTTTATTT
sg91,Gene91,TTTTTTTTTTTTTTGTTTTT
sg92,Gene92,GTTTTTTTTTTTTATTTTTT
sg93,Gene93,TTTTTTTTTGTGTTATGTTT
sg94,Gene94,TTTATTCTTTTTTTGTTTTT
sg95,Gene95,TACTTGTTTTTTTTTTTTCG
sg96,Gene96,TTTCGTTTTTTTTTTTATCT
sg97,Gene97,TTTTTTTTCTCTTGTTTTTT
sg98,Gene98,TTCTTTTTGTTTCTTGTTTT
sg99,Gene99,TTTTTTTATGTTTTTTTTTT
sg100,Gene100,ATTTTGGCTGATTTTTATTT
sg101,Gene101,TTCTTTTTTGTTTTTTTTGT
sg102,Gene102,TATTTTTGATTTTATTTTTT
sg103,Gene103,TTTTATTTTCTTTTTTTTTT
sg104,Gene104,GTTTTTTGTTTTTTTTTTCT
sg105,Gene105,TGTTTTTTTATTGTATTACT
sg106,Gene106,GTTTTTTTATTTTTTTTATT
sg107,Gene107,CTTTGTTTTTCTTTTTTTTT
sg108,Gene108,TTATTTCTTTATATTTTTGT
sg109,Gene109,TTTTTTTTTTCTATGTTTTT
sg110,Gene110,TTTTCATTTTTTTTTGCTTG
sg111,Gene111,TTTTTATTTTTTTTTTTTTT
sg112,Gene112,TTTATTTTTGTTTTTTTTTT
sg113,Gene113,TTGAGTTCTTTTTTAGGTTG
sg114,Gene114,ACTATTTCTCTTTTTTCTAT
sg115,Gene115,ATTTTTTTGTTTTTTCTTTT
sg116,Gene116,TTTTTTTTTTTTTTATTGTT
sg117,Gene117,TTTTTTTCTTTTTATTTTTT
sg118,Gene118,TTTTTCTTTTTTTTATTTTC
sg119,Gene119,TTTTATTTTTACTTTTTTTT
sg120,Gene120,TTTAGTTCTTTTTTTTTATT
sg121,Gene121,TTCGTTGTCGTTATATTTTT
sg122,Gene122,CCTGTTATTTTTGTCTATTT
sg123,Gene123,TGCTTGTTTTTTTTTTTCTT
sg124,Gene124,TCTTTCTTTGTTTTATTTTA
sg125,Gene125,TATTATTTTTTTTTTTCTTA
sg126,Gene126,TTTATTATTTTATTCTTTTT
sg127,Gene127,TTTCTTTATTTTTATATTTA
sg128,Gene128,TAACTTTTTTTTACACTTTT
sg129,Gene129,ATTTTTTTTTTTTTTGTTTT
sg130,Gene130,TATTTTTTTTTTATTTTTTT
sg131,Gene131,TTTTTTTATTTTTATTTTGT
sg132,Gene132,TTATTTTATTTCTGGTTTTT
sg133,Gene133,TTTGTTTTTTTGTATATTGT
sg134,Gene134,TCAATTTTTTCGTTTTGTGT
sg135,Gene135,ATCCTTTTTTTTTTTATCAC
sg136,Gene136,TTTTTTTTTTGATTTTCTTT
sg137,Gene137,GTTTTTTTTTTTGTTTTATT
sg138,Gene138,TTCTTTTTGTTTATTTTTTT
sg139,Gene139,TTTTGCTTTTATTTCTTGTT
sg140,Gene140,TTTTTTTTTTTTTTTTTTAT
sg141,Gene141,TTTATTATTTTTTGTTTTTT
sg142,Gene142,TTTTTTTGTTTTTTTTTTTT
sg143,Gene143,TTTTATTCATTTTTTCGTTT
sg144,Gene144,TTTTTTTCGTTTTTTTTTTT
sg145,Gene145,AGTCTTTTTTTTTTTTCTTT
sg146,Gene146,ATTTCTTGGCTTTCATTTTT
sg147,Gene147,TTTTTGTATTTTTTGTTTTT
sg148,Gene148,GTTTTTTTATGTCTTTCATG
sg149,Gene149,TCGTTTCTTTTTTTCGTTTA
sg150,Gene150,CTTTCGTTTGTTTTTTTTTT
sg151,Gene151,TTTTCTTCTTGTGTTTTTTT
sg152,Gene152,ATTTGTTTTTTTTTTTTTAT
sg153,Gene153,TTTTTTTGTTGCTTTTTTTT
sg154,Gene154,GTTTTCTTTTTTTTTCTGTA
sg155,Gene155,ATTTTTTTTTTTTTGTTTTT
sg156,Gene156,GTTTTTCTATTTTTTTTCCC
sg157,Gene157,TTTTTTGTTTTTTTTTTGTT
sg158,Gene158,TTTTTTTTTTTCTGTTTTTT
sg159,Gene159,TTTTTTTGTTTTGATTATCT
sg160,Gene160,TTTTTTTTTTTTTTTTTTTC
sg161,Gene161,TTTTTTTTTTTTTGCTTTAT
sg162,Gene162,TTTTATTATTTTGTCTTTTT
sg163,Gene163,TTTTTTTTTTTCGTTTTTTT
sg164,Gene164,TTGTTAATTTACTCTTTTTT
sg165,Gene165,TTTTTTTATGATTTTTTTAA
sg166,Gene166,TTTTTTTTTTCGTTTTCTTT
sg167,Gene167,TTTTTCTTTTTCTTTTTTCT
sg168,Gene168,TTTTTTTTTTTTTTTGTTAT
sg169,Gene169,TTTTTTTTTTTTTGGTTTGG
sg170,Gene170,TTTTTTTTTTTATGGGTTCT
sg171,Gene171,TTTTTTTGTTTTTTTTGTTT
sg172,Gene172,TTCCCTGTTTTTTTTTTTTT
sg173,Gene173,TTTCTGTTTTTTTTTTTCTT
sg174,Gene174,TTTTTTTTTTATCGGTGTTT
sg175,Gene175,TTTTTTTTTTGTTTTTTTTT
sg176,Gene176,CTTTTTTTGTTTCTTATTAT
sg177,Gene177,TGTTTTTCATTTTGTGTTTT
sg178,Gene178,TTTAATTTTTTTTTTGTTTT
sg179,Gene179,TTCCTTTTTTTGGTTTGGTG
sg180,Gene180,TTATTCTTTTTTTGTTTTTT
sg181,Gene181,TTTTTTTTTTTTTTTCGTTC
sg182,Gene182,TTGGTTTTTTTTATTTTTTT
sg183,Gene183,TTTCGTTTTTTTCTTATCTT
sg184,Gene184,CTTTTTTTTGTTTTTCCTCT
sg185,Gene185,TTTTTTTTGTTTTTTTTTTT
sg186,Gene186,TTTTTCTATTGTACTTTTTT
sg187,Gene187,TTTTTTTTAAGCCTTGTTTT
sg188,Gene188,TTTATATTTTTTTTTTTTAT
sg189,Gene189,TTCTTTTTCTTGTTTTTTTT
sg190,Gene190,TTCTTTATTTTTATTTTTTT
sg191,Gene191,TCTTTTATCTCTTCCCTTTG
sg192,Gene192,TTGCTTTTCTTTTGTTTGTT
sg193,Gene193,TTTTTTTTTTTTTTTTTTTT
sg194,Gene194,TTTTTGTTTCTTTTTCTTTA
sg195,Gene195,TTAATTTTTTTTTTTTTTTT
sg196,Gene196,TTTTCTTGTCTTTATTTTTG
sg197,Gene197,TTTTTTTGTGTTTTATCTAT
sg198,Gene198,ATTCGATTTTTTTTTTTTTC
sg199,Gene199,TGTCTTTTTTTTTAGTTCGT
sg200,Gene200,TACTTTTTTCTTTTATTTTT
sg201,Gene201,TCTTCTTTTTTTGCTTTTTT
sg202,Gene202,GTTTGTCTTTTATTATTTTT
sg203,Gene203,CGGTTGGTTTTTTTATTTTT
sg204,Gene204,TTTTTTTATTTTTTATTTTT
sg205,Gene205,TTTGGTTTTTTTATTTTTTA
sg206,Gene206,TTTTGTTTTTTTTTATTTTG
sg207,Gene207,CTTTTTACTTATTTTTTTTT
sg208,Gene208,TTTTCTATTTTTTTTTTTTT
sg209,Gene209,TTTTTTTTTTTTTTTTTTGT
sg210,Gene210,TTTCGTTTTTTTTTATTTCA
sg211,Gene211,TTTATTTTTTTTTTTTGTTT
sg212,Gene212,TTTGTCTTTATTTGTTATTT
sg213,Gene213,TTATTTTTTTTTTTTTTTTT
sg214,Gene214,CTTTGTTTTTTTTCTTTCTC
sg215,Gene215,TTTTTTTTTTTTTTTTTTTG
sg216,Gene216,TTTTTTTTTTTTCTTTCTTT
sg217,Gene217,TTTTTTTTTTCTGTTTTTTT
sg218,Gene218,TTTTTATGTTTTTCTTTTTT
sg219,Gene219,GATGTTTTTTTCTTTTTTTT
sg220,Gene220,TTATCTTTTTATGTTTTGTT
sg221,Gene221,TTTTTTTCTGTATTTATTTT
sg222,Gene222,TTTTTTTTTTGTTTTTCTTT
sg223,Gene223,TATTTGTTTTATAATTTTTT
sg224,Gene224,TTTTTTTTTCTTTTATTTTC
sg225,Gene225,TTCTTATATTTTTTTTGTTT
sg226,Gene226,AGTTTTCTAACTTATGCCCT
sg227,Gene227,TTGTTTTATTTTTTTTTTTC
sg228,Gene228,TTTTTTCATTTATTTTTTTT
sg229,Gene229,GATTTTTTTTTTTTTTTTTC
sg230,Gene230,TTTTTTCGTTTGTTTGTTTT
sg231,Gene231,TTTTTTGTTGTTGTATTTTT
sg232,Gene232,TATTTTTTTTTTTCTTATTT
sg233,Gene233,TTTTCTTTTTTTTTTGTTTT
sg234,Gene234,TTTATTGTTCTTTTGTATTT
sg235,Gene235,TTGTATGTTTGTTTGTTTTT
sg236,Gene236,TCTATTACTTTGTATTTTTT
sg237,Gene237,TGTTTTTTGTTCTATTTTTT
sg238,Gene238,TTTGTTTTATTGGTTTTTAT
sg239,Gene239,TTTTTTGTATTTTGTTCTTT
sg240,Gene240,GATTTTTTTTCTTTTTTTTT
sg241,Gene241,TTGTTTTTTTTTTTTTTTTA
sg242,Gene242,TTCCTTTATTTTTTTTCTTG
sg243,Gene243,TTTTTTTATATTATTTCTCT
sg244,Gene244,TTGTATGTCTTGTTTTTCTT
sg245,Gene245,TTTTTTTATTTTTGTTTCTT
sg246,Gene246,ATTTTTTTTTTTTTTCTTTG
sg247,Gene247,TTTTATATTTATTTTTTGTT
sg248,Gene248,GTTTCCATTTTTTGTATTTC
sg249,Gene249,TTTTTTTCTTTATTTTTTTT
sg250,Gene250,TTTTTTGTTTTTTTTCATTG
sg251,Gene251,TTTCTTTTTTTTTTTTGTTG
sg252,Gene252,TTTTTTTTTGTCGTATTTCA
sg253,Gene253,TTTGTATTGATTTTACTTTT
sg254,Gene254,TTCGTTTTTTTTTTTTCTTT
sg255,Gene255,TTTTTTTGATTTTTTTGTAC
sg256,Gene256,TTTTTTATTTTTTTTTTTTT
sg257,Gene257,TATTTTTCTTTTTTTTTTTT
sg258,Gene258,TTTCTGTTTTTTTTTTTTTT
sg259,Gene259,TTTTTGTTTATTTCTTTAGT
sg260,Gene260,TTTTTTTTTATTTTTTTTTT
sg261,Gene261,TTTTTTTTTTTTTTTCTTTA
sg262,Gene262,ATTCTTTTTTTCTTTATGAT
sg263,Gene263,CTTTTTTTTTTTTTTATTCT
sg264,Gene264,CTTATTTTTTCTTTTTATTG
sg265,Gene265,ATTTTTTTGTTTTTATATTT
sg266,Gene266,TTTTTTTTTTTTGTTTTTTG
sg267,Gene267,TTTTTTTTCATTTTTTTTGT
sg268,Gene268,TTAATTATCTTTCTTTTTTT
sg269,Gene269,TTTTTTTTTTTCTTATTTTT
sg270,Gene270,TTCATTTTGTTTTTTTTTTT
sg271,Gene271,TTTTTTTTTTTTTTTTTTTT
sg272,Gene272,TTATTTGTAGTATGTTTATG
sg273,Gene273,GTGTTTTTTTTTGTTTCTTT
sg274,Gene274,TTAGTTTTTTCATTTTTTAT
sg275,Gene275,TTTTTTTTTTTTTTTATGTA
sg276,Gene276,TTTTTTTTTTTTCTAATTTT
sg277,Gene277,TTTTTTCTTTTCTTTTTTAT
sg278,Gene278,TTTTTTTTTTTTTTCTTCTT
sg279,Gene279,GTTCTTGTTCTTTTGTTTGT
sg280,Gene280,TTTGTTTCTTTTTTTTTTTT
sg281,Gene281,TTTTTAGTTTCTTTGTTCTG
sg282,Gene282,TTATTTGTATTTTGTTTATT
sg283,Gene283,CTTTTTTTGTTTTTTTTTTT
sg284,Gene284,TGTTTTTGTTATTTGTTTTT
sg285,Gene285,TTTTTTTTTTTCTTTTTATT
sg286,Gene286,TTTTTTTTTTGTTTTTTTTT
sg287,Gene287,TTATTATTGTTCTCTATATT
sg288,Gene288,TTATATTTATTTCTTTTTTT
sg289,Gene289,CTTTGTTTTCTTTTTTTTTA
sg290,Gene290,CTTTTTTTTTTTTTTTATAT
sg291,Gene291,TTTTTATTGATTTTTGTTTT
sg292,Gene292,TTATCTTTTCCTTTTTTTTT
sg293,Gene293,TTTCTTGTTTTTTATTCCTT
sg294,Gene294,GTTTTTTTCTTTGTTTTTTT
sg295,Gene295,TTTTTCTTGTTTGTTTTTTT
sg296,Gene296,TTTTGTTTAAATTTTTTTTT
sg297,Gene297,ATTGTTTTTTTCTTTATTGA
sg298,Gene298,TTACTTTTGTTTAGTTTTCT
sg299,Gene299,TTTTTTTATTTTTTTTTTTT
sg300,Gene300,TTTTTTTCTTTTTATTTATT
sg301,Gene301,ATTCTTGTTTTCTTTTTTTT
sg302,Gene302,ATTGTTTTTTTTCTTATTTT
sg303,Gene303,TTTTGGTTTTTTTATGGTTT
sg304,Gene304,TTTTTATTGCTTTTTTTTTT
sg305,Gene305,TTTTTTTTTCGGGTTGTTTT
sg306,Gene306,TTTTTTTTTTCTTTTTTATT
sg307,Gene307,GAGTTATTTTTTCTTTTTAT
sg308,Gene308,ATTTGTTTTCTTTTTTTTTT
sg309,Gene309,TTTCTTTTTTTTTTTTATTG
sg310,Gene310,TTTGTTTTCTTTTTTTTTTA
sg311,Gene311,TTTCTTTTTGTTTGCTTTCT
sg312,Gene312,TTTTTCTTTTCTGTTTTTTT
sg313,Gene313,TTACTTTTTTTTCTTTGTTT
sg314,Gene314,TTTTTTTTTTTTTTTTTTTT
sg315,Gene315,GTTATTTTTTTTCTGTTGTT
sg316,Gene316,TTTTTTTTATTCTTTTTTTT
sg317,Gene317,TCTGTTATGTCTTTCTCTTT
sg318,Gene318,TTGTTTGTTTATTTTTTCTT
sg319,Gene319,TTTTTTATCTTGTTATTTTT
sg320,Gene320,TTTTTGTCTGGGTCCCTTAG
sg321,Gene321,TTGTGTATTTATTATTTGTT
sg322,Gene322,GTTCGTCTTATTTTTTTTAT
sg323,Gene323,TTTGTTTATTTTTTTTTTTT
sg324,Gene324,TTTTTATTTTTTTTATGTTT
sg325,Gene325,TTTTTTTTCTTATTTTTGTT
sg326,Gene326,TTTTTTATTTTTTTTTTTTT
sg327,Gene327,TTTTTTTTTCTTTTTTTTAA
sg328,Gene328,TATCTTTTGTATTTTTTCCT
sg329,Gene329,TTTTATTTGTTTTTTTGTTC
sg330,Gene330,TTTTGCTTTGTACTTGTTTA
sg331,Gene331,TTCTTTTTATGTATTTTGTG
sg332,Gene332,TTGTCTTTTTTATGTTGTTT
sg333,Gene333,TTTTTTTTTTTTTTATGATT
sg334,Gene334,TTTTTTTTTTTTTTTGTTTT
sg335,Gene335,ATTTTTTTTTTCTTTTTTTT
sg336,Gene336,TTATTTTTTGTTTTTGTTCT
sg337,Gene337,TCTTATGCTATTTCGATTTG
sg338,Gene338,CTTTTTTTTTTTTTTTTTTT
sg339,Gene339,TTATTGTTTCTTGTTATCTT
sg340,Gene340,TTTTATACTATCTTTTTTTT
sg341,Gene341,TTTTTTTTTCTTTTGATTTT
sg342,Gene342,TTTTTTTTTTTATTTCTTTT
sg343,Gene343,ATCGTTTTTCTTTTTTTTTT
sg344,Gene344,GTTTTTATTGGATTTTTTTA
sg345,Gene345,TTTTTTACCTTTTTTTTTTT
sg346,Gene346,TTGCTTTTTTTATGGTGTTT
sg347,Gene347,TTTGTTTTTTTTTTTTTGAA
sg348,Gene348,ATTTTTTATTTTTTTTTTGT
sg349,Gene349,TTTTTTTTTTTTTTTTTTTT
sg350,Gene350,ATTTATTCTGTTTTGTTTTT
sg351,Gene351,TTATCATTTTTTAATATTTT
sg352,Gene352,TTTTCTTTTTTTGTAGTTGT
sg353,Gene353,TTGGTTCCTTTGTTATTTTT
sg354,Gene354,CACTTTTCTTGATTTTTTTT
sg355,Gene355,TTTTTTTTATTTATGTTTTT
sg356,Gene356,TTTTTTTCTCCGGTTTTTGC
sg357,Gene357,TTTTTGCTGTTGTTCTTTTG
sg358,Gene358,TTCTTGTTTTTGCTTTTTCT
sg359,Gene359,TGCTTATTTTTTTTTTAATT
sg360,Gene360,TTTTTTTTTATTCATTGCTT
sg361,Gene361,TTTATTGTTTTATTTTTTAT
sg362,Gene362,TTTTTTTTATTTGTTTTTTA
sg363,Gene363,TTTTTTTGTTTTTTTTTTGT
sg364,Gene364,CCGGTTTTTTCTTTTTTTTT
sg365,Gene365,TTTCTCTTCTTGTTTGGTTT
sg366,Gene366,TTTTCTATTTTTTTGTTGTT
sg367,Gene367,ATTTTACTTTTTTTTATTTT
sg368,Gene368,TTTTGTTTTTTTTTGATTTT
sg369,Gene369,TTTTTTTTATTTGTTTTTTG
sg370,Gene370,TTTTCTCTTTTTTTTTTTTT
sg371,Gene371,TTTTTTTATTTTGTTTTATT
sg372,Gene372,ATTTTTTTTTTTTTTTCTTT
sg373,Gene373,TTTTTTTTTTTTCTTCTTTT
sg374,Gene374,GTGTCAGTTTTTTGTTTATT
sg375,Gene375,TTATATGTTTTTTTCTTTTT
sg376,Gene376,TTTTTTTTTATTTTTCTTAT
sg377,Gene377,TAATTTGGGTTTTCTCTTTA
sg378,Gene378,TTTTTTTTTTTTGTATTTTT
sg379,Gene379,TTTTTTTTTTTTTTTTGGTT
sg380,Gene380,TTTGTGTTTTTTTATTTTTT
sg381,Gene381,TTTTTTGTCTTTTTTTTTAT
sg382,Gene382,TTTTTGTTTTTTTTTTTTTT
sg383,Gene383,TTTTTTATTTTTTGTGTTGT
sg384,Gene384,TTTTTTTATGTTTTGTTTTT
sg385,Gene385,TCTTCTTTTTTTTTGTTTTT
sg386,Gene386,TTTATCTTTTTTTTTAATTT
sg387,Gene387,TTTTTTTATTTTTCTTCTCT
sg388,Gene388,TGTTCTTGTTTTTTTTTTTT
sg389,Gene389,TATTTTTTTTTTTATTTTTT
sg390,Gene390,TTTTTTTTTTCTTTTTTTCT
sg391,Gene391,TCTTTTTTTTCTTTTTTTTT
sg392,Gene392,TTTTTTTTTATTTTTTTTTT
sg393,Gene393,AACTTTTTAATTTTATTTCT
sg394,Gene394,TTTTTTTTTTCTTTTATATA
sg395,Gene395,TTTTTGTTTTTTCTTATTTT
sg396,Gene396,ATTTATTTTTTTTTTTTTAT
sg397,Gene397,TTCTGTTATATTTTTTTTTT
sg398,Gene398,TTTTTTTTTGTTTTTTTTTT
sg399,Gene399,CTTTTTTTTTATTTTTTTTT
sg400,Gene400,ATTTTTGTTCTTATTTCTTA
sg401,Gene401,TTCTATTTCTTTTCTTTTCA
sg402,Gene402,GTTTTTTGCTTGTTTCTTAT
sg403,Gene403,TTGTTGGTTTTTTTTAAATT
sg404,Gene404,TTTTCGCTTTCTTTTTATTT
sg405,Gene405,TTTTCTTTTTTAACTTGTGT
sg406,Gene406,TATATATTTTTTTTTTTATG
sg407,Gene407,TTTTTTTTTTCTTTTTTTTT
sg408,Gene408,TTTATGTTTATTTTTTTTAT
sg409,Gene409,TTTTTTTATTTATTTTTTAT
sg410,Gene410,TTTTTTTTTCTTTAATTCTC
sg411,Gene411,TTTTCTTTTTTGTGCTTTTA
sg412,Gene412,GTTATTTTTTTTTTTTTTTT
sg413,Gene413,TTTTTGTTTTATTTTTTTTT
sg414,Gene414,ATTTATTTTTTTTTTTTATT
sg415,Gene415,TTTTTTTTATTTTGTTTTTA
sg416,Gene416,CCTTTCTTTTTATTTTTTTT
sg417,Gene417,TTTATTATTGTTTTTTTTTT
sg418,Gene418,TTTTTTTTTCTTGTTTCATT
sg419,Gene419,TCTTTTGTTTGTTATATTGT
sg420,Gene420,TTATTTCGTTTTTTTTTTTG
sg421,Gene421,TTATTTTTTTTTGTAATTTT
sg422,Gene422,TTTTTTATTTTTCTTATTTT
sg423,Gene423,TTATTTATTTATTTTTTTTT
sg424,Gene424,TTGTAGTTTTTTTCTTTTTT
sg425,Gene425,CTTTTTTTTTTTTTAATTTA
sg426,Gene426,TTTTTTTTTTTTTATTTTTT
sg427,Gene427,GTTTTTCTTGTTATTTTTTT
sg428,Gene428,TAGTTCGTTGTTTTCTTTTT
sg429,Gene429,TTGTTTATTTTTTTTTTATT
sg430,Gene430,TTTTCTTTTTTTATTTTTAT
sg431,Gene431,TCTCTTTTGATATTTTTTAT
sg432,Gene432,TTTTTTATTTTTTCTTTTTT
sg433,Gene433,TTTTGTTTTTTATTTTCTTC
sg434,Gene434,TTTTGTTTTTATTTTGTTTT
sg435,Gene435,TTGTCCTTTACTTTTCTTTT
sg436,Gene436,TTTTGTGTATGTTTTTTACT
sg437,Gene437,TTTTTTTTTTTTTTTTTTTT
sg438,Gene438,TTTTTTTTTTATTTTTTTTT
sg439,Gene439,TTAATTGTTTTTGTTTGTTT
sg440,Gene440,TTAGTTTTTTTTTTTTTATT
sg441,Gene441,TTTTTCTTTTTTAGTTTTTT
sg442,Gene442,TTTTTTTTCGCTCTTTTTTT
sg443,Gene443,CTGTTTTTTTTTTTTTCTGT
sg444,Gene444,TTTTTCTTTGTTTTTTTTTT
sg445,Gene445,TATTTTTCTTTTTTTCTTTT
sg446,Gene446,GTTTTTTGTTTTTTTATTTT
sg447,Gene447,TTTTGTTTTTTATGTTGTTG
sg448,Gene448,TTTTTTTTTTTTATTATTCT
sg449,Gene449,TCACTCTGTCTGTTTTTTTT
sg450,Gene450,ATTTTTCTTTGCATTTTTTT
sg451,Gene451,AATCTTCGTTTTTTTTTTTT
sg452,Gene452,TTTATTGGTTTTTTCTTTTT
sg453,Gene453,TTTTATCTTTTATATTATTT
sg454,Gene454,TTTTTTTTCTATCTTTTTTT
sg455,Gene455,GTTCTTTTTTTATATGTTGT
sg456,Gene456,TTTGTTTTTTTCGTGTTTTT
sg457,Gene457,TTTTTTATTTTTCTTTTTCT
sg458,Gene458,TTTATTTGTTTCGTTTTTTT
sg459,Gene459,TTTTTTTTTTTTTTTTTGTT
sg460,Gene460,TTGTTGTTTTTATTTTTTTT
sg461,Gene461,TATGTTTTTTTTTTTTTTTT
sg462,Gene462,CTTGTTATTACATTTTTTTT
sg463,Gene463,TGTTTGATTATATTTATTAT
sg464,Gene464,TTTTTTTTTTTGTTTTTTTT
sg465,Gene465,TTTTTTTTTTTCTATAGTTT
sg466,Gene466,TTATTTTTTTGTTTCTCGTT
sg467,Gene467,TTATCTTTCTATGTTGTTGT
sg468,Gene468,TTTTTTACTGCTCTTCTGTT
sg469,Gene469,TTTGTTTTTTTTTTTTTTGT
sg470,Gene470,TATTTTTTTTTTATTTTTTT
sg471,Gene471,TTTTCTTTTTTTTTTTTTTT
sg472,Gene472,AGCCTTTATTATTTTATTTT
sg473,Gene473,TTTTTTTTTTTTTTTTTTTC
sg474,Gene474,TTTGTTTTTTTTATATTTTT
sg475,Gene475,GTTTTTTTGATTTTTGTTTG
sg476,Gene476,TCGATTTCATTGTTTTTCCG
sg477,Gene477,TTTTTTTTGGTTATTTTATT
sg478,Gene478,TTTCACTCTTTTTTTTTATT
sg479,Gene479,TTTTTTTTTATTCTTTCTTC
sg480,Gene480,TCTGTTTATCTTCTTTCTTC
sg481,Gene481,TTTTTTTTTTTTTTATTTTT
sg482,Gene482,TTTTTTTTTTTTTTTTTTTT
sg483,Gene483,TTATTTTATTTTCTTGTTTC
sg484,Gene484,TTTGTTATTTTTTTTTTTCT
sg485,Gene485,TTTAAATTGTTTTTTTTTGT
sg486,Gene486,ATTTTTTTTTGTTTTATTTT
sg487,Gene487,TCTTATCGTTTTTTTTTTTT
sg488,Gene488,TTTTTATATTCATTTGTTTA
sg489,Gene489,CTTTGTTTTTATTTATTTTG
sg490,Gene490,TTTTTAGTTTTTTGTTACTT
sg491,Gene491,TTTTATTTTTTTGATTTTTT
sg492,Gene492,TTTTGTCTTTTTTTTTTTTT
sg493,Gene493,TATATATTTGTTTTTGCTGA
sg494,Gene494,TGGCTTAGTGTATTTTTAAT
sg495,Gene495,TTTTTGTTTCGTTTTTTATT
sg496,Gene496,TTCTTATTTTTTTTTTTTTT
sg497,Gene497,TTTTTTTTTTTTCTTTTTTT
sg498,Gene498,TCTTTTTTTTTTTTTTTTTT
sg499,Gene499,GTTTAGTTTTCTTTTCTTTG
sg500,Gene500,TTTTTTTTTCTATTTTTTTT
sg501,Gene501,TTTTTTTTTTTGATTCATTT
sg502,Gene502,TCGATTCTCCTTTGTTATTC
sg503,Gene503,TTTTTTCGTTCTGTTGTTAT
sg504,Gene504,TTTTTCTTTTTTTTCGTTTT
sg505,Gene505,TTTCTTTCTTTTTTGTATTT
sg506,Gene506,TTTTTCTTTTATTTTTTTTT
sg507,Gene507,GTGTTTTTTTTGTTTTTTTT
sg508,Gene508,TTTTTCTATTTTTTTTTTTT
sg509,Gene509,TTGTCTTTTATTGTATTTTT
sg510,Gene510,GTTTTTTTTTCGTATTTTTT
sg511,Gene511,TTGTTTTTTTTGTGCTTTTT
sg512,Gene512,TTTCTTTTATTTTTTTTTTA
sg513,Gene513,TTTTCTTTTTTTTATGTTTT
sg514,Gene514,TATTTTTTTTCTTTGTTTTT
sg515,Gene515,TGTTTTTTTTCTTTTTTTTA
sg516,Gene516,TTTTTTTTTTTTATTTTTTT
sg517,Gene517,TTTTCTTTTTTTTTTATAGT
sg518,Gene518,ATTGTTTTTTGTATACTACA
sg519,Gene519,TTTTTTTATCTTTTTTGTTT
sg520,Gene520,TATTTTGTGAATTGATTTTT
sg521,Gene521,TTTTTTTTTTTTTACTTTTT
sg522,Gene522,TTATTTGTTATTTTGCTTTC
sg523,Gene523,TTGCTTTTTTTTTTTGTTTT
sg524,Gene524,TTTCTTTTTTCTTTGTTTTT
sg525,Gene525,TTTATCTTTATTTTTTTTAT
sg526,Gene526,GTTTTTTTATTTTTTTGGTT
sg527,Gene527,TTTTTTTTTTTACATTTTTT
sg528,Gene528,GTTTTTCAAATTTATTTTTT
sg529,Gene529,CTCTTTTGCTTTTTTTTTTT
sg530,Gene530,TTTTTTTTTTCTTGTCTTTT
sg531,Gene531,TTTTTTGTTTTTTTTTTTAT
sg532,Gene532,CCTTCTGTTATTTTTATTTT
sg533,Gene533,CTGGTTTTCTGTTTGATTTT
sg534,Gene534,TTTGTTTTGTTTTCTCTCCG
sg535,Gene535,TGTTTTTTTTTTTTGTTTTT
sg536,Gene536,TTTTTTTTTGTTGTTTTTTT
sg537,Gene537,TTTTTTTTCTTTTTTTTTTT
sg538,Gene538,TTTCTTTATTATTGTTGTCT
sg539,Gene539,ATTTTTTTTTTATTTGTGTT
sg540,Gene540,TTTTTTATTTTCTTTTTTTT
sg541,Gene541,TTATTCTTTTTTTTTTTTGT
sg542,Gene542,TTTTTTTTTTTGTCTTTTTT
sg543,Gene543,TATTTTGTTTTTCTATTATT
sg544,Gene544,TTTTGTATCTATATTTGTTT
sg545,Gene545,TTGCTGTCTTACTTTTTTTT
sg546,Gene546,TTTTTGGTTTTTTTTATTTT
sg547,Gene547,TTTTTTTTTACTCGTTTTCT
sg548,Gene548,GTTTTTTTTTTTTTTTTTTT
sg549,Gene549,TTATTTTTTTTTTTTTTTTT
sg550,Gene550,TTTTGTTTCTTTTTTCTTAT
sg551,Gene551,TTGTTGGGTTTTTTTTATGG
sg552,Gene552,TTTCTTTTTTTGTTTTTTCT
sg553,Gene553,TTTTTTATTGTTTTTGTTTT
sg554,Gene554,ATTTTATTTTTTTTATTTTT
sg555,Gene555,ATTTTTGTTTTTTTTTTCTG
sg556,Gene556,TTTTTTATTTTTTTTTTTTT
sg557,Gene557,TTTTTTGTTTTTTTTTTTTT
sg558,Gene558,TTTTTTTTTTTTTTTATTTT
sg559,Gene559,TTTTTTTTTTTTTTTTTTTT
sg560,Gene560,TTTTCGTCTTTTCTTCTCTT
sg561,Gene561,TTTTTATCTTTCTCTATGTT
sg562,Gene562,AATTTATTTTTTTTTTTTTT
sg563,Gene563,TGTACTTTTTTTGTTTTTTT
sg564,Gene564,TTCTTGTTTTTTATTTGTTT
sg565,Gene565,ATTATTTTTTTCTTTTTTGG
sg566,Gene566,TTTTTTTTTTTTTTTTGTTA
sg567,Gene567,ATTTTTCTTTTTTCTTTTTG
sg568,Gene568,TTTCTTTGTTTTTTTTTTTC
sg569,Gene569,ATTTTGTTTTTTTTCTTTTT
sg570,Gene570,TCCTGTTTTTTTGTTTGTTT
sg571,Gene571,TTTCATTTTTTTTATTTTTT
sg572,Gene572,TTTTTTTCGCTTTTTTATTT
sg573,Gene573,TTTCTCTTCTTTTTTTTTTA
sg574,Gene574,CTATATTTTTCGCTTTTTTT
sg575,Gene575,TCTTTTTATTTCTCTTGGTT
sg576,Gene576,GTATTATTTTTATTTTTTCT
sg577,Gene577,TTTTTTTTATTTTTTGTTTT
sg578,Gene578,GTATTTAATACGTTTTTGTT
sg579,Gene579,TTTTTCTTATTTTCTTTATA
sg580,Gene580,ACTTTTGGATTATTGGCTTT
sg581,Gene581,CTTTCTTTTTTTTTTTTCTT
sg582,Gene582,TGTGTTTTTTTGTTTTCTTT
sg583,Gene583,TTTTTTTCTTTTTTTTTTGT
sg584,Gene584,TTTTTTTTTTTTATTTTTTT
sg585,Gene585,TTTTTTCTTTTTTTTTCTTT
sg586,Gene586,TTTCTCGTTCTTTTTGATGT
sg587,Gene587,ATTTGTTTATTTTTGTTTTT
sg588,Gene588,GTTTTTTTTATGTTACATTA
sg589,Gene589,TATTTTTGGTTCTTATTTTT
sg590,Gene590,TTTTTTGTTTTTTTTTTTTT
sg591,Gene591,TTTATTTTTTTTTTTTTTTT
sg592,Gene592,ATTGTTCTCGTCTTTTTTTT
sg593,Gene593,TTTTTTTTTTCTTGGTGATT
sg594,Gene594,TTTTTTTTTTTTTTGTTTTT
sg595,Gene595,CTATTATTTTGTTTTGGTTT
sg596,Gene596,TTTTTTTCTTTTGTTTTTTT
sg597,Gene597,TTTCTTTGTTTTTTTTTTTT
sg598,Gene598,TTTATTTTTTTTTTTGTTTC
sg599,Gene599,TTTTTTTTTTTTTTCTCTTT
sg600,Gene600,TTTTTTTTGTCTGTCTTAAT
sg601,Gene601,TTTTTTCGTTTTTTTTTTTG
sg602,Gene602,TTCTTTTTTCTTTTGTTTAT
sg603,Gene603,ATTTTTTTTTTTTTTTGTTC
sg604,Gene604,TTATTTTGTTTTTTTGTTTT
sg605,Gene605,TTTTATTTTTTTATTTTTTT
sg606,Gene606,TTGGATTTTTTTTATTTTTT
sg607,Gene607,CTTTTTTTCTTTTTTTTTTT
sg608,Gene608,TTTTTCTTTTTTTTTTTTTT
sg609,Gene609,TTTTTTTTTTTTTGTATTTT
sg610,Gene610,TTTCTTTTTTTGTTCTTTTG
sg611,Gene611,TTTTTTTTTTTTTTTTGTCC
sg612,Gene612,TGTTTAGTCTTTTTTATTTT
sg613,Gene613,TTATTTTTTTTTTTTTTTTT
sg614,Gene614,TTTTTTTTCAGTTTTTTTTT
sg615,Gene615,TTTTTTATTTTTCGTTTATT
sg616,Gene616,TTTATGTTTGTTTTTTTATT
sg617,Gene617,TTGTTCCCTTCTTTGTTTTT
sg618,Gene618,TTTTTTTTCTCTTTTTTTTT
sg619,Gene619,CTTCTTTTTTTTGTTTCTTT
sg620,Gene620,TTTATTTTCTTTCTAATTTA
sg621,Gene621,GTGTTATATTTTTTTATTTT
sg622,Gene622,TTTTTGCTTTTATTTTTTTT
sg623,Gene623,TTTATTTTTTCATTTGTTTT
sg624,Gene624,ATTCATGTTTTTTTTTTTTT
sg625,Gene625,TTTTTATTGTGTTTATTTTT
sg626,Gene626,TTCTTTTTTTTGTTTTTATT
sg627,Gene627,TTTTGTTTTTTTTCTTGTTC
sg628,Gene628,TTTTCTTTTTTTTTTTTTTT
sg629,Gene629,TTGTTTTTTTTTTTTTAGTT
sg630,Gene630,TATTTTTTTGTCTTTCGGGT
sg631,Gene631,TATTTTTTGTTTTTTTTTTT
sg632,Gene632,TTTTTTATATGTTTTTAATT
sg633,Gene633,TTTTTTTTTATCTGTCTTTT
sg634,Gene634,TCATTATATTTAATAATTAT
sg635,Gene635,TTTTTTTTTTTTTTTTTTTT
sg636,Gene636,ATTTGTTTTTTTATTTTTTT
sg637,Gene637,TTTTTCTCTTCTGTTGTCTT
sg638,Gene638,TTTTTTGTTGATCCTTTTCT
sg639,Gene639,TTTTTCTTTTTTATTTTTTC
sg640,Gene640,GTCTTTTTCTTGTTGTTTTG
sg641,Gene641,TTTTTTGTTTTCTATTTTTT
sg642,Gene642,TTTTTTCTTTTTCTTTTTGT
sg643,Gene643,TTTTGTTTTTGTTTTATTTT
sg644,Gene644,TTTTTTTTTTTTTCTTTATT
sg645,Gene645,TTGCTTTTTTTTATTTTTTT
sg646,Gene646,TTCTTATTTTCTTTTTCTGT
sg647,Gene647,CAAAGTTATTTTTTTTTTTT
sg648,Gene648,TTGTTTTTTGTATTTTACTT
sg649,Gene649,TTTTTCATTTTTTTTCGTTT
sg650,Gene650,TTGTTTTTCTATTGATTTTT
sg651,Gene651,TATTCTTTTTTCTGTATTAG
sg652,Gene652,TTTTTTTTCTTTTTTTTCTT
sg653,Gene653,TTTTTTTTGTTGAATTTTTT
sg654,Gene654,TTTTTTTTTTTTTTGTTTTT
sg655,Gene655,TTTATCTTTTTTTTTTGTTT
sg656,Gene656,TTTTTTTGTTTTTTATTTTT
sg657,Gene657,TTTTTTTTACTGTTTAACTT
sg658,Gene658,TTTTTGTTATTTGTTTCATT
sg659,Gene659,ATTTTTTTTTTTTTTTTTTT
sg660,Gene660,TATTTTTTTATTTTTTTTTT
sg661,Gene661,TTTTATTTTGTTTTTAGACT
sg662,Gene662,GTTTTCTTTTTTCTTGTTTT
sg663,Gene663,TTTTTTTGTTTCTTTTTTTT
sg664,Gene664,TTTATTTTTTGTTTTTCGTA
sg665,Gene665,GTTTTTTTTTTTTTTATGTT
sg666,Gene666,GTTTTTTTTTTTCTTTTTTT
sg667,Gene667,TTTGTTATTTCTTTTTTTTG
sg668,Gene668,TTGTTTTTTTTTTTTTTTTT
sg669,Gene669,TTTTTTACTTGTGTTTTTTT
sg670,Gene670,TTTTTTTTTTTTTTTATGTG
sg671,Gene671,ATTGTTTATTTTTTGTTTTT
sg672,Gene672,TTTGTTTTTTTTTTTTTCTT
sg673,Gene673,TTGTTTTTTTTTTTTTTTTT
sg674,Gene674,TTTTTTTCTTTTTGTAAGTT
sg675,Gene675,TTTTTTTTTTTTTATTTCTT
sg676,Gene676,TTTTTTTTTTTTTTTTTATT
sg677,Gene677,TTTTTTTTGATTTATTATCT
sg678,Gene678,TTTTTGTTTTTTATTTTTTC
sg679,Gene679,TTGTTTTTTATTTTTTATCT
sg680,Gene680,CTTATTTTTGTTTTCTTTCT
sg681,Gene681,TTTTTTTTCTTTTTTTTTTT
sg682,Gene682,TTTATTTATATTTTTTTGTT
sg683,Gene683,TTTTTTTTTGTGTTTATTTT
sg684,Gene684,TTTTTTTTTTTTTTTGTTTT
sg685,Gene685,TATTCAAGGTTTTTTTTTTA
sg686,Gene686,ATTTTTTTTTTTTTTATTTC
sg687,Gene687,TTCTTGGGTTTTTTTTGTTT
sg688,Gene688,TCATTTTTTTTTTTTTTGTT
sg689,Gene689,TTTTTTTTTTTTTACTATTT
sg690,Gene690,CTTTTTATGTTTTTGTATTT
sg691,Gene691,TTTTGTTTTTCTTTTTTTGT
sg692,Gene692,TTATTTTTTTTTTGTTGATT
sg693,Gene693,TTTTCTTTTTTGTGTGTTTG
sg694,Gene694,TTTTTTTTTTTTTTGTATTT
sg695,Gene695,TTTTTTTATTTTTTTTTTTT
sg696,Gene696,TTTTGATTTTTTTTATGTGT
sg697,Gene697,TGTTTTTCTTTATTTTTTTT
sg698,Gene698,TCTTTTTATTTTTATTTTTT
sg699,Gene699,CTTTTTTTTTTTTTTTTTTT
sg700,Gene700,ATGATATTTTTTTTCTGTTT
sg701,Gene701,TTGTTCTTTTTTTTTTTTTA
sg702,Gene702,TTTTTGTTTTTGTTTATTGA
sg703,Gene703,TTTTTTTTTTGTTTTTTTGG
sg704,Gene704,TTTTTTGTATTTTTTTTTTT
sg705,Gene705,TTTTTCTTTTTTTCTAATGG
sg706,Gene706,TTTTGTTCTGTTTTTTTTTT
sg707,Gene707,TTCTTCTTTTACTTTGTTTT
sg708,Gene708,TTTTTTTTATTTTATTTGTA
sg709,Gene709,TTTTTGTGATTTTTTGTTTT
sg710,Gene710,TCTTTTTTTAGTTTTTTCGT
sg711,Gene711,TTCTCTGTTTTTTTTTTAGT
sg712,Gene712,TTTTTTTTTTTTTTTTTTTT
sg713,Gene713,TCTTTTTTCTTTTTTTTTAT
sg714,Gene714,TTTTGTTTTTTTTTTTTTTA
sg715,Gene715,TTTTCTTTTATTTTTTTTTT
sg716,Gene716,GTTTTCGTCGTGTTTTTTTG
sg717,Gene717,TTTTCTTTTTTTTATTTTTT
sg718,Gene718,CGTGGGATCGCGCTTTTTTC
sg719,Gene719,TTTTTTTTTATTTACTTTTT
sg720,Gene720,TTTTTCGTTTTTTTTTTTTT
sg721,Gene721,GTTTTTTCTTCTTTTTTTTT
sg722,Gene722,CGACTTGTATGTCTTTTCTT
sg723,Gene723,TTTTTTTTTTTTTTTTTTTT
sg724,Gene724,TTTTTTTTTTTTTTTTCTTT
sg725,Gene725,TGTCATTTTTTTTGTTTTTT
sg726,Gene726,TTTTTTCTTTAATATCTTGT
sg727,Gene727,TGGTAATTTTTTCGTTTTTG
sg728,Gene728,TATTTTTCTTTTTTCTCTTT
sg729,Gene729,TGTATCACTCATTTTTGGTT
sg730,Gene730,TTTTTTTTCTTTTTTTTTTT
sg731,Gene731,TTTTATTTTATTTTTTTTTT
sg732,Gene732,ATTTTTTGTTTTTATTTTTT
sg733,Gene733,TTATTCTTTCTTCCTTATTT
sg734,Gene734,TTTTTTTTTTTGGGTCTATT
sg735,Gene735,TTAGTTTTATATTTAGTTTT
sg736,Gene736,TTATTGTTTTTTTTTTTTTT
sg737,Gene737,TTTTGTTTTATTCAGTATTT
sg738,Gene738,ATAATTTATTTGTTTTCTTT
sg739,Gene739,TGTTTTTTTTTTTTTTTTTT
sg740,Gene740,TGTTTTTTTTTTCATTTCGT
sg741,Gene741,TTTCTATTGTTTTGTTTATT
sg742,Gene742,GTTTTTTTTTATTTTTTTTT
sg743,Gene743,TTTTCGTATTTTTTTTTTTT
sg744,Gene744,TTTTTTTTTTTTTTGACTTT
sg745,Gene745,TTTTCTTTTTTTTTTGGGTT
sg746,Gene746,TTTTTTTTTTTGGTATTTTT
sg747,Gene747,CTTATTATTGCTTTTTTCGT
sg748,Gene748,GATTTTGTGTTCATTATTTA
sg749,Gene749,TACTTTTTTGTATTTTGGAC
sg750,Gene750,ATTACTTTTTTCCTTTTGCT
sg751,Gene751,TTTTTCCTTTATTCTTTTTT
sg752,Gene752,TATTCTTTATTTTTTTTTAT
sg753,Gene753,TTTTTTTTTCTGTTTTTCAT
sg754,Gene754,TTTTTTTTTTTATTTTCTTT
sg755,Gene755,TTTTTTTTTTTTCCTATATT
sg756,Gene756,TTTTTATTTTTTTTTTTTGT
sg757,Gene757,TGTTGTTATTTTTTTTTATT
sg758,Gene758,TTTTTTTTTTATACTTTTTT
sg759,Gene759,ATTTTTTGTTTTGTTTTATT
sg760,Gene760,TTTTTTTGTTTTTATTTTTT
sg761,Gene761,TTTTTTGTTATTTTACTTTC
sg762,Gene762,TTTTTTTTTTTATTGGTTTT
sg763,Gene763,TTTAATTGTATGATTTTTTG
sg764,Gene764,TTTTTTTTTTCTTTTTTTTT
sg765,Gene765,TTTTTTTTCTTTTTTTTAGT
sg766,Gene766,TTTTTTTACTTTTTTTTTTT
sg767,Gene767,TATTTATTTTATTTTGTACC
sg768,Gene768,TTTTATGTGGTTTTTATTTT
sg769,Gene769,TTTTTTTTTGTTTTTTTTTT
sg770,Gene770,ATTTTGATTCATTGTTATTT
sg771,Gene771,TTTTTTTTTTTTTTTTTTTT
sg772,Gene772,GCTTTTTTTCTTCTTTTTTT
sg773,Gene773,TTTATTTTTTTTTGTTTTCT
sg774,Gene774,TTTGCTTTTTTGGATTATTT
sg775,Gene775,TATTTTTTTATTTTCTTTTC
sg776,Gene776,CTATTTTTTTTTTTTTTTTT
sg777,Gene777,GTTTTTTCTGTTTTTTTTTT
sg778,Gene778,TTTCTTTTCTTGTTTTGGCT
sg779,Gene779,TGTATATCCTTTTTTCGTGT
sg780,Gene780,ATATTTTTTTTTTTTCCTTT
sg781,Gene781,GTTTTATGGTTTAGTTTTTT
sg782,Gene782,ATTTCTTTTTTTTCTTTTTT
sg783,Gene783,TTTTTTTTTTTTTTTGTTTT
sg784,Gene784,TTTTTCTATTTTGTATTTTT
sg785,Gene785,TTTAGTTCTTTTTTTTTTTT
sg786,Gene786,TTTTTCTGTCTCTTTTTTTT
sg787,Gene787,TGTGCTATCTGTTTTTTTTT
sg788,Gene788,TTTTTTTTTTTCTGTTTTTT
sg789,Gene789,TTTTTTTTTTTTTTTTTTTT
sg790,Gene790,TGTTCTTTTTTTGTCTTTTT
sg791,Gene791,GTTTTTTTTTGTTTCTTTTT
sg792,Gene792,TGTTTTTTTGTCTTGTTTTT
sg793,Gene793,TTTTGAATTGGTTTGTTCTC
sg794,Gene794,TTTTTTTTTGTATATTTTAG
sg795,Gene795,TTTTAGTCTTCTTGTATTTT
sg796,Gene796,TGTTTTTTTTTTTATTCTGT
sg797,Gene797,ATTTTTTTTTTCTTTGTTTT
sg798,Gene798,TTTTTTTTGTTGTTTTTTTT
sg799,Gene799,TTTTTTTCTGTTTTTATTTT
sg800,Gene800,TTGTTTCAGTTTTTGCATTT
sg801,Gene801,GTTTGTTTTCTTTTTTTTTT
sg802,Gene802,TTTTTTTGTTTTTTTTTATT
sg803,Gene803,TTCTTTGATTTTTCTCCTTT
sg804,Gene804,TTTGCGTTTTTTTTTGTTTT
sg805,Gene805,GTTTTTTTTGTTTTGTTGTT
sg806,Gene806,TGTTTTTTGTTTTTTTTTTT
sg807,Gene807,TTTGTTTTTTCTGATTTTTT
sg808,Gene808,AGTTCCTTTTTTTTTGTTTG
sg809,Gene809,TTTTTGTTTTTATTCTTTTT
sg810,Gene810,TATCTTTGTTCTTTTTTTTT
sg811,Gene811,TTTTTTTTTTTTTTTTTTTT
sg812,Gene812,TTTTCTTTGTTTATTACTTT
sg813,Gene813,TTCTCATTTTTTTTTTTATT
sg814,Gene814,TTCTCGTTCTTTTTCTTTCT
sg815,Gene815,TTTCTTTTGTTTTTCTATTT
sg816,Gene816,TATTTAATCTCTTGTTTTTC
sg817,Gene817,TATTTTGTTTGATGTTTTTT
sg818,Gene818,TTTTTTTTTTTTAAATTTTT
sg819,Gene819,CTTTTTTTATGGCTTTTACT
sg820,Gene820,GATTTTTTTTTTTTTTCTAA
sg821,Gene821,TTTTTTTTTTTTCTGTTCTT
sg822,Gene822,TTTTTTTTTGTTTTTTTTCA
sg823,Gene823,TTTTCTTGTTTTTTTTTTTT
sg824,Gene824,TTTCATTTTTGTTTTTTTTT
sg825,Gene825,TTTTCTTTTTTTTTTTCTTT
sg826,Gene826,TGTTCTCTTTTTTTTTTTTT
sg827,Gene827,TTTTTTTTTCTTTTTTTTTT
sg828,Gene828,TTTTTTATGTCTTTTTTTTT
sg829,Gene829,TTTTTTTTTGTTTTTCGTTT
sg830,Gene830,TATCTTAGTTTTTTTTATTT
sg831,Gene831,TGTTAGTTTTTATTATTTAC
sg832,Gene832,TTTTTATTTTTTATTTTTTT
sg833,Gene833,TTTTTGGTTTTTTTTGTTTT
sg834,Gene834,CTCTTTTTTTTTATTTCTTT
sg835,Gene835,TTTTATTTTTTTGATTTTTT
sg836,Gene836,TTTTTTCTTTTTTGTTGTTT
sg837,Gene837,TTTCCCTGTTATGTTTCTAT
sg838,Gene838,TTTTTTTTATTGTGGTTGCG
sg839,Gene839,TTATTTATATTTTTTTTCTC
sg840,Gene840,CTTTTCCTTCCTTTTTTCTG
sg841,Gene841,ATTAATTTTACTCGAGTTTT
sg842,Gene842,TCTTTTTTTTCATTTTTTTT
sg843,Gene843,TCTGGTTTTTCTTTTTTATT
sg844,Gene844,TTTTTTTTTAATTTATTAGT
sg845,Gene845,AGTTTTCTTTTTTTATTTTA
sg846,Gene846,TTTTTTTTTTCTTTTTTCTT
sg847,Gene847,TTTATCTTTCTTTTTTGTAG
sg848,Gene848,TCTTTGTTTTATTGTTTTTT
sg849,Gene849,TTTAGGATGTTTTATTTTTG
sg850,Gene850,TTTGTTTTTTTTTCGTTCTT
sg851,Gene851,TATTTTATTTTTTTGGGGTT
sg852,Gene852,TATACATTTTTTTTGTTTTG
sg853,Gene853,TTTTTGTAATTCTCTGTTGA
sg854,Gene854,TTTTTTTTTCTTTTTGTTTT
sg855,Gene855,TTGTGTTTTTTGTGTTTTTT
sg856,Gene856,TTTGTTTTATTTCCTTTTTT
sg857,Gene857,TTGTTTTTTTTATTTTTTAT
sg858,Gene858,TTTTTCTGTCCTTTTTTTTT
sg859,Gene859,TTTTGTCTTTTTTTTTTTTT
sg860,Gene860,TTTTTTTTTTGTTTTCCTTC
sg861,Gene861,TTATTTTTTTTAAATTTTTT
sg862,Gene862,TTTTTTTTTCCCTTTTTTTT
sg863,Gene863,TTTTTCTTTGTTGTTCTTCA
sg864,Gene864,TTTTTGTCTTTCTTTTTTTT
sg865,Gene865,TTCCTTTTTTTTGTTTTTTT
sg866,Gene866,TTTATTTTTTTTTCTATATT
sg867,Gene867,TTCTCCTTTTTTTTTCTTTT
sg868,Gene868,TTTTTATTTTTTTTATTTTA
sg869,Gene869,TTTTTTGTTATTCTTACTAT
sg870,Gene870,CTTTTTCTTTTTTTACTTTT
sg871,Gene871,ATTTATTTTTTTTTTTTTTT
sg872,Gene872,TATTTCGTGTTTGTTTTTGC
sg873,Gene873,TTTTTCTTTTTGTTTCCTTT
sg874,Gene874,TTTTTGTTTTTTTTGTTTTT
sg875,Gene875,TTTTTTGTGTCTTTTTTTTT
sg876,Gene876,CTGTTTCTTTTTTTTTTAGT
sg877,Gene877,TTCTATTTATTTTTATTTCT
sg878,Gene878,TTATTTTGTTTTTTTTTATT
sg879,Gene879,GTTTTTTTTCGTTGTTTTAT
sg880,Gene880,TGTTTGTTTTTTTTATTTTT
sg881,Gene881,ATTTTTTGTTTCTTTTTTTT
sg882,Gene882,TCTTCTTTTTTGTTTTTTTT
sg883,Gene883,TGTTTTTTGTTTTTTTTCTT
sg884,Gene884,ATTTTTTTGTATTTGTTTTT
sg885,Gene885,GTTCCTGTGTTTTCTCTTTT
sg886,Gene886,TATTCTCATTTGTATTTTTG
sg887,Gene887,TTTTTTTCTTTTTTGTTTTC
sg888,Gene888,ATTATTTGTTTTTATTTTTA
sg889,Gene889,TTTTTTTTTTTTTCGGTTCA
sg890,Gene890,ATTTTTATTTCTTCTTTTAT
sg891,Gene891,TTTTTTTTTCTTTTTTTTTC
sg892,Gene892,TTGTTTTTTTTGTTTTTCTT
sg893,Gene893,TTTTTATTTTTATTTTTCTT
sg894,Gene894,TATTTTTTTTTTTTTTCATT
sg895,Gene895,TCTCTTTTTTTTTTTTTTCT
sg896,Gene896,TTTTCTATTTTATCTTTTTT
sg897,Gene897,TTTTTTTTTTTTTTCTTTTT
sg898,Gene898,TTTTTTTAATGTGTTTTTTT
sg899,Gene899,TATATTTTTTGTTTTTTTGT
sg900,Gene900,TTTTGTTTTTCGTGTTATTT
sg901,Gene901,TTTTTATTTTTTGTGTTCTT
sg902,Gene902,TATTTTTTTTTTTTTTTTTT
sg903,Gene903,TATTTTTTTTTTTTTTGCTT
sg904,Gene904,TTTTTTGATTTCTTTTATTT
sg905,Gene905,TCTGTTTTTTGTTTTCTTTT
sg906,Gene906,TTTTGGTTCTATTTCTCTTT
sg907,Gene907,GATTTGTTACCTTTTTTTTT
sg908,Gene908,CTTTCCTTTTTTTTTTTTTC
sg909,Gene909,TTTTATTTTTTTTTTTTTCT
sg910,Gene910,TTTTTGTTTTTTTCTCTTTT
sg911,Gene911,TTTTTCTTTTATTTTTACTT
sg912,Gene912,TTTTTTTTGATCTTTTATAT
sg913,Gene913,TTTTTCTTTTTCGTTACTTT
sg914,Gene914,TCATTTATTTTTTTGTTTTT
sg915,Gene915,TTTTTTTTTATTCTTATTTT
sg916,Gene916,TATTTGTCTTATTTTGTTTT
sg917,Gene917,TATTTTTATTTTTTTCTTTT
sg918,Gene918,TTATGTTTTGTTTTTTTTAT
sg919,Gene919,TTTTCTTTTTTTACGTTATT
sg920,Gene920,TTTTTTTTCAGTTTTATTTT
sg921,Gene921,TTTATTTTTTGTATATTATT
sg922,Gene922,TTTTTTGTAATTTCTTTTTT
sg923,Gene923,TTTGTTTTATCTGTTATTTT
sg924,Gene924,GTTTAACGCTTTTTTGTTAT
sg925,Gene925,TTATTTTTTTTTTTGTTTTT
sg926,Gene926,TGTTTTTTTATTTTTTCTTT
sg927,Gene927,TTATCATTTTTTTGTTTTAT
sg928,Gene928,TTTCATTTAATTTTTGTTGT
sg929,Gene929,TTAATTTTTTTTTTTTTTTT
sg930,Gene930,TAGTTTTATTTTTTTTGGCC
sg931,Gene931,ATTTTTGTTATTGTTTTCCA
sg932,Gene932,TCTTTATTTCTTTTTCTTTC
sg933,Gene933,TATTGTTTTTTTTTTTTTTT
sg934,Gene934,TTTTTTTTTTTTTATTTGAT
sg935,Gene935,TTTTTTTTTTTTTTTTTTAT
sg936,Gene936,TTCTTTTTATCTTTTTTTTC
sg937,Gene937,TATTTTTCTTTTTTGTTTTT
sg938,Gene938,GTAATTATCAGTTTTAATTT
sg939,Gene939,TTTTTTTTTGTTTTTTTTAT
sg940,Gene940,TTTGTTTTTTTATTTCTTCT
sg941,Gene941,ATTTGTTTTTTATTTCTTTT
sg942,Gene942,TTTTTTTTTCTTTTTTTTTT
sg943,Gene943,TTTTATTTTGTCTTTTTTTT
sg944,Gene944,TTTACTTTTATTTTTTTTTT
sg945,Gene945,TATTGTCTATTTGTTTTTTA
sg946,Gene946,CTTGTTTTTAATTTTTGTTT
sg947,Gene947,TATTTTGCTTTTTTTTTTTT
sg948,Gene948,TTTTTTTGTTATTTTTTTGT
sg949,Gene949,TTTTGTTTTTCATTTTTTTT
sg950,Gene950,TTTTTCTGTTTTTCTTTCCT
sg951,Gene951,CTTTTTTTTTTTTTATTCTC
sg952,Gene952,TTTTTTCTTTTTTTTGTTTT
sg953,Gene953,TTTTTTTTTTTTTTTCTTTT
sg954,Gene954,TTTATTTTTTTTATTTTTTT
sg955,Gene955,TGTTTTTTTTTTTTTCTTAT
sg956,Gene956,TTTTTTCGTTATATTTTTTT
sg957,Gene957,AATTTTGTTATTTGTTTTTT
sg958,Gene958,TTTTTGACTTCTTTTTTTTG
sg959,Gene959,TTTGGTTTTTTTTATTTTTT
sg960,Gene960,TTTTCTTTCTTTTTTTACTT
sg961,Gene961,ATTTTTTTTGTTTCTTTCTT
sg962,Gene962,TTTTTTTGTTTCTTTCTTTT
sg963,Gene963,TTTTGTTTTTTTGTTATTTC
sg964,Gene964,TTTTTTTTTTTTTATTTTTT
sg965,Gene965,TTTTTTTTTTTTTATATGTT
sg966,Gene966,TTTTTTGTTAATTTTTTAGC
sg967,Gene967,TTATTCTTTCGCTTTTTTTT
sg968,Gene968,TTTTTCTTGTTTTTTCTCAC
sg969,Gene969,GTTTTTTTTCTTTTTTTTTT
sg970,Gene970,TATTCTATTTTTTTTTTTGT
sg971,Gene971,TTTCTTTTTATTTTTTTTAG
sg972,Gene972,TTTTTTATCTTTTATATTTT
sg973,Gene973,GGTTTTTTATATCTCTGTTT
sg974,Gene974,TCGTTTTTTTTATTTTTTTT
sg975,Gene975,TTGGTTTTTTTTTTTTTTTT
sg976,Gene976,TTTGTTTTTTTCTGATGTCT
sg977,Gene977,TTTGGTTTTCGTTCTCTTTT
sg978,Gene978,TTTTTTTTCTTTTTTTTTTT
sg979,Gene979,TTTCTTTTTCTCTTTCTATT
sg980,Gene980,TTATTATTTTTTTATTTTGT
sg981,Gene981,TCTTTTTTCTTTTTTTCATT
sg982,Gene982,TTTTTGTTTTTTTTTATACT
sg983,Gene983,TTTTTTTATTTATTTTTTTT
sg984,Gene984,TCTTTTTATTCTTTTTTTTT
sg985,Gene985,TTTTTCTCTTTTCTTTCTTT
sg986,Gene986,TTTTTATTTTTTTTTTTTTT
sg987,Gene987,TTTTTTTTTTTTTCTTTTTT
sg988,Gene988,TGCTCTTGTTTTTTTTTTTT
sg989,Gene989,TTATATTGTTTTTTTTTTTT
sg990,Gene990,TTTTTTATTTTTGTTTTTTT
sg991,Gene991,TTGTTTTTTTTTTTTTTTTT
sg992,Gene992,CTTTTGTTGTTTTTTTCTAT
sg993,Gene993,TAATTTTTTTTGTTTGTTTA
sg994,Gene994,TTGATATTGTTAGTTGTTTT
sg995,Gene995,TTCTTTTTTTTTTTTTTTGA
sg996,Gene996,TTTTCTTTTTTTTTTTTTTT
sg997,Gene997,TTTTGTTATTTTATATTTTT
sg998,Gene998,TTTCTTTTGTTTTATTTTTT
sg999,Gene999,TTTTTGTTTTTTTATTATAT
sg1000,Gene1000,TTTTTACTTTTTGTTATTTT
sg1001,Gene1001,GTTTTTTTTTTGTTGTTTTT
sg1002,Gene1002,TTTTTTTTTTTTTATTGTTT
sg1003,Gene1003,TTTTTTACTTTTTTATTTTT
sg1004,Gene1004,GTTTTTATTTTTTTTTTTTT
sg1005,Gene1005,GTTTTTCGGTCTTTTATTGT
sg1006,Gene1006,CTTTTTTTTTTTGTTTCATA
sg1007,Gene1007,TTATTTTGGTCATTTTTTTT
sg1008,Gene1008,TTTTTTTTGGTTATTCTTTT
sg1009,Gene1009,TGTTTTGTTGTTTTTTGTTT
sg1010,Gene1010,TTTTTCATTTTTTTTTTATT
sg1011,Gene1011,TTTTATCTTTTTTGTTTTTT
sg1012,Gene1012,TTAGTGTATTTTTTTCTTTT
sg1013,Gene1013,TTTTTTATTTTTTTTTTTAA
sg1014,Gene1014,TCTTTTATTTTTTTATTATT
sg1015,Gene1015,TTTATATTATGTTTTTTTTT
sg1016,Gene1016,TTTATTTTTTTTTTTTGCTT
sg1017,Gene1017,TTTTATTTTTTCATTATATT
sg1018,Gene1018,CTGTTATTTGTATTTGGTTT
sg1019,Gene1019,TTTTTTATTTTTTTATTCTT
sg1020,Gene1020,TTTTTTTGTTTTTTTTTACT
sg1021,Gene1021,TTTTCTTTTTTGATGTTTTT
sg1022,Gene1022,TGTTTTCCTTTTTTTGTTTT
sg1023,Gene1023,TTTTTCATTCTTTTTTCTTT
sg1024,Gene1024,ATTTTTTTTTTTTTTTCTTT
sg1025,Gene1025,TGGTTTTTTTTTTTTCTTTG
sg1026,Gene1026,TTTTTAGGATTTTTCTTTTT
sg1027,Gene1027,TTTTTTTTTCTTTTTGTTTA
sg1028,Gene1028,TTTTTTTTTTGTTTTTTTTT
sg1029,Gene1029,TTTTTTTTTTTGCTTTTCTT
sg1030,Gene1030,TGTTTTTTTTTATTTTCTTT
sg1031,Gene1031,TATTTTCCGTGTGTTTGTCA
sg1032,Gene1032,TGTTTTCTTCTTCTATTGTT
sg1033,Gene1033,TGTTCTTTTTAACTATTTTT
sg1034,Gene1034,TACTTTTTTTTTTTGTTTTT
sg1035,Gene1035,TTTTTTTTTTTTGTTTTTTT
sg1036,Gene1036,GCTTTTTTTTTTAATACTTT
sg1037,Gene1037,TTTTATTTTTTTTTTTTTTT
sg1038,Gene1038,TTTATGTTTTTTTTTTTTTT
sg1039,Gene1039,TTTTTTTTTTTTTTTTTCTT
sg1040,Gene1040,TTTTTCTTGTTTCTTTTTAT
sg1041,Gene1041,TTCTTTTGTATATTTTTTTT
sg1042,Gene1042,TTTTTTCGTATTTATTCATT
sg1043,Gene1043,TGTTTTTTTTTTTTTTTTTT
sg1044,Gene1044,TATTGTTTTTTTGTTTTTTT
sg1045,Gene1045,TTTCTTTTTGTGCTTCTTTT
sg1046,Gene1046,CTCTTTTTTCTTTTTTTTTT
sg1047,Gene1047,TTATTTTTATTTGATTTTTA
sg1048,Gene1048,ATTTTTTATTTTTTTTTTGT
sg1049,Gene1049,GTTTTTTTTTTTTTTTATAT
sg1050,Gene1050,TTTTTTTTTCATTTTTTTTT
sg1051,Gene1051,ATTTTTCTTCTTTTTTTTTC
sg1052,Gene1052,ACTTGTTTTTTTTAGTTTTT
sg1053,Gene1053,TTTTTTTTTTTTTTTCATTT
sg1054,Gene1054,TATTTTTTGTTTGCTCTCTT
sg1055,Gene1055,TTTTTTTTGTTTTCATCCTT
sg1056,Gene1056,GTTATTATTTTATTTCTTTT
sg1057,Gene1057,TATTTTCTTATTTTTTTGTT
sg1058,Gene1058,TTATTTTTGTTTTTTCTGTT
sg1059,Gene1059,TTGTTTTTTTTTACTTGTTT
sg1060,Gene1060,TTTCTTTATTTTTATTTTTT
sg1061,Gene1061,TTTTCTTTTTTTTTGTTTTT
sg1062,Gene1062,TTTTTTTTTGTCTTTTTTTA
sg1063,Gene1063,TATGTTTTGTTATTCTTTTT
sg1064,Gene1064,TTCGGTTTTTTTTTTATCGC
sg1065,Gene1065,TCTTTGTGTTTATTTTTTTT
sg1066,Gene1066,GGTAGTTTCTTTTTTTTTTT
sg1067,Gene1067,TTTTTTTATTATTTTTTGGT
sg1068,Gene1068,TTTTTTTTGTTTTTTTTTTT
sg1069,Gene1069,TTTTTTTATTTTTTTATATT
sg1070,Gene1070,TTTTTTCTTCCTTTTTTGCT
sg1071,Gene1071,TTTTTTTATTTTTTTTTTTT
sg1072,Gene1072,TTTTTTTTTTTGTTTTGTTT
sg1073,Gene1073,TTTATATCTTTTTTTTGTTT
sg1074,Gene1074,TTTATTTTCTTTTTCTTTAG
sg1075,Gene1075,AGTTTTTTTTTTTTTTCTTT
sg1076,Gene1076,AATTTTTAATTCTGGTTTCT
sg1077,Gene1077,TTTCTTTTTCTTCTTTTTGT
sg1078,Gene1078,TTTTTTTTTTTTTATTGTGT
sg1079,Gene1079,TTTTTTTTTCTTCCCCTTAT
sg1080,Gene1080,TTTTTTGTTTGTATTTAATT
sg1081,Gene1081,CGTCGTGTTTTACCTTTTTT
sg1082,Gene1082,TTATTTTTTTTATTGTTTTT
sg1083,Gene1083,TTTTGGTTTTTTAAGTTTTG
sg1084,Gene1084,TTTTTTTTTTTTTTTCTTTG
sg1085,Gene1085,TTGTATCTAACTGTTATTGT
sg1086,Gene1086,TTTGTCTTTTTTTTTTTGTC
sg1087,Gene1087,TTGTTTTTTTTTTTTTTTTT
sg1088,Gene1088,TTTTTCTTTTTGTTTTTTAT
sg1089,Gene1089,TTTTTTTTTTTTTTATTTTT
sg1090,Gene1090,TTTCTTTTTTTTGTTCTTTC
sg1091,Gene1091,TTTGTCTTTTCTTTTTGTTT
sg1092,Gene1092,TTTTTTTTTGTTTTTAATTT
sg1093,Gene1093,TTAGTTTTTTTTTCCTTTTT
sg1094,Gene1094,TTTCTTTTTTTGTTTGTATC
sg1095,Gene1095,TTTTTATTTTTCTTTTTTTT
sg1096,Gene1096,TTTGTCTGTGTTTTTTTATT
sg1097,Gene1097,TCCTTTTTTCTTTTTATTTA
sg1098,Gene1098,TTTTTTTGTTTTATCTAGTT
sg1099,Gene1099,TTTTCTTATTTTCTTTTGTT
sg1100,Gene1100,TTTTCTTTACTTAGTAGATT
sg1101,Gene1101,TTTTTTTTTTTTTTTTTTCT
sg1102,Gene1102,TCATTTTTTGGTTTTTTTTT
sg1103,Gene1103,TTTTTTGTTTTTTTTTTTTT
sg1104,Gene1104,TTTTTTTTCTCCGTTTGGAG
sg1105,Gene1105,TTTGTTTTTTTCGTTTTTTT
sg1106,Gene1106,TTTCTTTGTTTATTTCTATT
sg1107,Gene1107,TTTTTTTTTTTTATTTTATT
sg1108,Gene1108,GTTTGTGTTTTTTTTCTTTT
sg1109,Gene1109,GTTTTTTTTTTTTTTTTTTT
sg1110,Gene1110,TTTTTTTTTTGTTTTTTTTT
sg1111,Gene1111,CTTTGTTATTGTACTTTTTT
sg1112,Gene1112,TTTTGTCTTTTTTTGTTTTT
sg1113,Gene1113,TTTCTTGTTTTAATTTTTTT
sg1114,Gene1114,TTTTGTTTATTTTTTTCTTT
sg1115,Gene1115,TTATCTATTTTTTTTTTTCT
sg1116,Gene1116,TTCTTTTTCGCTTTTGTTTT
sg1117,Gene1117,TTTTTTATAGTTTTTTTTTT
sg1118,Gene1118,TTTTTTTTTTTTTTTTTTCT
sg1119,Gene1119,TTTATTTTTTTTTTCGTTTT
sg1120,Gene1120,TTTTTTATTTGTGGGTTCCT
sg1121,Gene1121,TTTGTTTCTTTTTTTTATTA
sg1122,Gene1122,TTTTCTTTGTGTTTTTTTTT
sg1123,Gene1123,TTTTATATATTCTTATTTTT
sg1124,Gene1124,TTTTTTTTTTTTTTTATTTG
sg1125,Gene1125,TTTCGTTTTTTTTTGCTTTT
sg1126,Gene1126,TATTTTTTTTTTTCTTTGTC
sg1127,Gene1127,TTTTTTTATTTTTTTTTTTT
sg1128,Gene1128,TTGTTTTTTTTTTTTTTTTT
sg1129,Gene1129,TTTTTTTTATTCTTGTTTTG
sg1130,Gene1130,TTTATCTTTTTTTGATTTCG
sg1131,Gene1131,CTTTCTATTTATTTTTTTTT
sg1132,Gene1132,TGATCTGTTTGTTTCTCTTT
sg1133,Gene1133,TGTTTTTTTTTTTTTACTTT
sg1134,Gene1134,TTCATTTATTTTTATTTTTT
sg1135,Gene1135,TTTTATTATGTTTTTTTATT
sg1136,Gene1136,TGTTTTTTATATTTCTTTTT
sg1137,Gene1137,TTTTTTTATTTTTCTATTTT
sg1138,Gene1138,ATTCTTTTTTTATTTTTTTG
sg1139,Gene1139,CTTTCTTTTTGTTTTGTTCT
sg1140,Gene1140,TTTTGTTTTTCTTTTTTTTA
sg1141,Gene1141,TTTTTTTTTTTTGTTTTATT
sg1142,Gene1142,TAGTATTTTCTTTATATTGT
sg1143,Gene1143,TTTTTGATTTTTTTTTTTAT
sg1144,Gene1144,TTTTTTTTATTTTTTTTCTT
sg1145,Gene1145,ATTTTTTTGTATTATTTTTT
sg1146,Gene1146,TTTTTTTTTTTTTTTTTTCT
sg1147,Gene1147,TTCTTTTTTTATTTTTTTTT
sg1148,Gene1148,TTTTTTCTTGCTTTTTTTTT
sg1149,Gene1149,TATGTATTTATTTGTTTTTT
sg1150,Gene1150,TTTTTTCTTTTCTTTTTTTT
sg1151,Gene1151,TTTTTTTTGTCTTTCCATTT
sg1152,Gene1152,TTCTTTTTTTTTTGTTTTTT
sg1153,Gene1153,TTTTTTTTTGTTCTTTTTTG
sg1154,Gene1154,TCCTTTGTTTCTTCGTGTTT
sg1155,Gene1155,TATTTTTTTTGTTTTCGATT
sg1156,Gene1156,CTTTATCTGTTTTTTTTCTT
sg1157,Gene1157,CGTTAATTTTATTTGTTTTT
sg1158,Gene1158,GTTTTTTTGATTTTCTTTTG
sg1159,Gene1159,CCTTTCTTTTTTTTGTTCTT
sg1160,Gene1160,TTTGCTTTTTTTTGTTCTTG
sg1161,Gene1161,TTCTTTTTTCGTTTTTATTT
sg1162,Gene1162,GTATGTTTTTTTTTTTTTTT
sg1163,Gene1163,TTTCTTTTTTTGTTTTTTTT
sg1164,Gene1164,TTTTTTTTTTTTTTTTTTTG
sg1165,Gene1165,TTCTCTATTCTGTTATCTCT
sg1166,Gene1166,TTGTTTTTTTCGTTTATTAT
sg1167,Gene1167,GGATCTTATTTTTTTTCGTT
sg1168,Gene1168,TTTTTCTTTTTTTTTTTTTA
sg1169,Gene1169,TTATGTTTTTTTTCTTTTTT
sg1170,Gene1170,TTTATTTTTTTTTTGTTACT
sg1171,Gene1171,TAGTTTTATGTTTTTATCTT
sg1172,Gene1172,TTTTTTTCATTTTTTTTTAT
sg1173,Gene1173,TTTTTTATTTTTTTTTTTTC
sg1174,Gene1174,TTTCTTTTTTTTTATATTTT
sg1175,Gene1175,CGGGTTTTTTGTTTGTTTTT
sg1176,Gene1176,TTTTCTGTTGTTTTTTTGTA
sg1177,Gene1177,TTTTTTTTCTTGTATTTTTT
sg1178,Gene1178,TTTGTTGTTTTTCTTCTTAT
sg1179,Gene1179,ATTCGTTTTTTTTGTTTTTT
sg1180,Gene1180,TTTATGTGTTTTTTACTTTT
sg1181,Gene1181,TTTTTATTTGTTTTTTATTA
sg1182,Gene1182,TTCGTTTTATTCATTTTTAT
sg1183,Gene1183,TATTTTTTTATTTTTCTTTT
sg1184,Gene1184,CTTTGTTCTTTTTTTTTTAT
sg1185,Gene1185,TTTTTTTTTTTTTTTTTGGA
sg1186,Gene1186,TTTTGTTTCGTTTTTTTTTT
sg1187,Gene1187,TTTTTTTTTTTTTGTTTTTG
sg1188,Gene1188,TTATTTTTATTTTTTTTTTA
sg1189,Gene1189,TTTTTTTTTTTTTTCTTATT
sg1190,Gene1190,TTTTTCTTTTTTTGTTTTTC
sg1191,Gene1191,TATTTTTTTTTATTTTTTTC
sg1192,Gene1192,TGTTATTATTTTTTTTTTTT
sg1193,Gene1193,ATTTTCTGTATTTTCTTTTT
sg1194,Gene1194,GTTTTATTATTCTTCTTTCC
sg1195,Gene1195,TTTTTTTGTTTTTTTTTTTT
sg1196,Gene1196,GCCTTTTTCTTTCTTTTCAG
sg1197,Gene1197,TTTGTTTTTTTATTTTCTTT
sg1198,Gene1198,TTTTTTTTTTTTTTTGTTTC
sg1199,Gene1199,TTTTATGTTTTACCCTCTTT
sg1200,Gene1200,TTTTGTTTTTTATTTTTTTC
sg1201,Gene1201,TTTTTTTTGTTTTTTTTTTT
sg1202,Gene1202,TTTTTTTTTTTTTTTCTTTT
sg1203,Gene1203,TTCTTTTTTATTTTATCTTT
sg1204,Gene1204,CTTACTTTTTTTTTGTTGTT
sg1205,Gene1205,ATTGAATTTTATTTTTTCTT
sg1206,Gene1206,TTTTTTTTTTTTTTTTTGTT
sg1207,Gene1207,CTTCTTTTTTTTTTTTTTTT
sg1208,Gene1208,ATTTTTTTCTTGTCCTTTCC
sg1209,Gene1209,TTTTGTTTTTTTTACCATTT
sg1210,Gene1210,TTTTCCTTCTTTTTGTTTTT
sg1211,Gene1211,TTTTTTTAGTTTTTTTGTTA
sg1212,Gene1212,TTTTTTTTTTGTTTATTTTT
sg1213,Gene1213,TTATTCTATTTTTTTGTTTC
sg1214,Gene1214,TTTTTTATTGCTTTTTTATT
sg1215,Gene1215,TGGGTTTATTTGTTTTTTTT
sg1216,Gene1216,TTTGTTTTTTTTTTTGTTTA
sg1217,Gene1217,TTTTTTTTCTTTGGTTTTTT
sg1218,Gene1218,TATTTTTTTTTTTCTATTTT
sg1219,Gene1219,TTTTTTTTTTTTTGTTTTCT
sg1220,Gene1220,TTTTGTTTTATTTTTTTTTT
sg1221,Gene1221,TCTTTCTTTTTTTTTTTTTT
sg1222,Gene1222,TCCTTTTTTTTCTTTTTTTT
sg1223,Gene1223,TGTTGTATTTTTTTTTTTTT
sg1224,Gene1224,TTTTTTACTTTATTTTTTGT
sg1225,Gene1225,ATTTTTTGTTTTATTTTGTT
sg1226,Gene1226,TTTTTTTTTTATTATTTTTT
sg1227,Gene1227,GTGCTTTTATTTTTTTTTAT
sg1228,Gene1228,TTTCATTTTTTTTTATGTCG
sg1229,Gene1229,TTTTTTTTTTTTGTTTGTTT
sg1230,Gene1230,TTTTTTTTTTTTATTTTCTT
sg1231,Gene1231,TTTTTGTTTTGATTTTCTTG
sg1232,Gene1232,TTTCTTTTTTTTGTTTTTTT
sg1233,Gene1233,TTTTTTTTTTTTTTTTATTG
sg1234,Gene1234,ATTTTTTTTTTATATTTTTT
sg1235,Gene1235,TTGTTCTCATTCTGGTCTTT
sg1236,Gene1236,ATTTCTTTTTTTAAGTTTGT
sg1237,Gene1237,TCTTTTTTTTTTTTTTTATT
sg1238,Gene1238,TCTTTTTGGTTTTTTTTCTT
sg1239,Gene1239,TATTTTTTTTTTCTTTTTTT
sg1240,Gene1240,TTCGTTTCATCTTTTTTTTT
sg1241,Gene1241,ATCTTTTTTTTTTTTCTTAT
sg1242,Gene1242,TTTTTTTACTTACTTTTGTT
sg1243,Gene1243,ATCTTTTTTTTTTTTTTTTT
sg1244,Gene1244,ATTTTTTTTTTTTGGTTTAT
sg1245,Gene1245,TGTTTTTTAGTTTTTATTTT
sg1246,Gene1246,TCAGCTCTATTATTTTTTTT
sg1247,Gene1247,ATTGTTTGTTTGTTCGTTTT
sg1248,Gene1248,TTATTTTATTATTTTTTTTT
sg1249,Gene1249,ATTTTTTGTTTTCTTTTTTA
sg1250,Gene1250,TTTTTTTTTTCTTTGTTTTG
sg1251,Gene1251,TTTTTTTCTTTTTTTTTTTG
sg1252,Gene1252,TTTTGTTTTTTATTTTTTTA
sg1253,Gene1253,GTAGTGTTCTTTTTTTTTTT
sg1254,Gene1254,CTTTTTTCATTTCTGTTGTT
sg1255,Gene1255,TATTATTTTTTTTTTTTCTT
sg1256,Gene1256,TGTTTGTTTCTTTATTTTTT
sg1257,Gene1257,TTTCTTTTTCTTTTTTTATT
sg1258,Gene1258,GTTTTTGTTGATTGTGATTC
sg1259,Gene1259,GTTTGTGTTTTTTATTTTAT
sg1260,Gene1260,AATTTTATGTTTTTTTATTT
sg1261,Gene1261,TGTTGTTTATATTTTAATTA
sg1262,Gene1262,TGTTATTTTTTCTACTTTTG
sg1263,Gene1263,TTTTTTCCTATTTTTTTTTT
sg1264,Gene1264,CCTTAATTTTTTTTATTTTA
sg1265,Gene1265,TTTCTTCTTTTTTTTTTTTG
sg1266,Gene1266,CTCGTCTTTTTTTTTTTATT
sg1267,Gene1267,TCTTTTGTTTATTTCTTTTT
sg1268,Gene1268,TGTTTTTTGTTTGTGAGGTT
sg1269,Gene1269,TTCTTTTTTTTTTTGTTTTT
sg1270,Gene1270,TTTTTTTTTGTATTTTTTTT
sg1271,Gene1271,AGTTTTTTATATTAGTAATT
sg1272,Gene1272,TCTTTTTACTTTTGTTTTTT
sg1273,Gene1273,TTTTTTTTTTGTTCTTTTGT
sg1274,Gene1274,TTTTTTGTGTTTTTTTTATT
sg1275,Gene1275,TTTTTTTTGCGTTTTTTATT
sg1276,Gene1276,TTTTTTTCCTTTATATTTGT
sg1277,Gene1277,TTTTTTTTTTTTTTTTTTTT
sg1278,Gene1278,ACTCTAATTTCTTTTTTTTT
sg1279,Gene1279,TTTTGTTTTTTTTTTTTTTT
sg1280,Gene1280,TTTTATTTTTTTTTTTTTTG
sg1281,Gene1281,TTTTTTTTTCTGTTTTGTTG
sg1282,Gene1282,TTTTATGTCTTTTTTTTTTT
sg1283,Gene1283,TTTTATTTTTCTATTTATTT
sg1284,Gene1284,TTTTTATTTTTTGTTGTTCC
sg1285,Gene1285,GTTTTTTTATTTTATTTTTT
sg1286,Gene1286,TTTTTATTTTCTTTTTTATT
sg1287,Gene1287,TTTTATTTTTTTTTTGTTTT
sg1288,Gene1288,TCCTTTTTTTCTTTTTTTTC
sg1289,Gene1289,TTTTTTTTTCTTTTTTTTTT
sg1290,Gene1290,TTTTTTTTTTTGGTTTTATT
sg1291,Gene1291,TTTCTTTTGTTATTTTTTGT
sg1292,Gene1292,GTCTTTTATTTTGTTTATTC
sg1293,Gene1293,TTTTTTCTTTTTTTTTTTTT
sg1294,Gene1294,TTTTTTCTTTGATTTTTTGT
sg1295,Gene1295,GTGCTTTTTTTTTTTTTTTT
sg1296,Gene1296,TTTTCTTTGTATTTTTTTTT
sg1297,Gene1297,TTGTTTTTTTTCTTTTTTTT
sg1298,Gene1298,TTTATTTGTTTTTTCTATTT
sg1299,Gene1299,TTTCTTTTTTTTTTTGTATG
sg1300,Gene1300,TTTTCTTTTTTTTTTTTATT
sg1301,Gene1301,TTTTCTTTTTTTATTCTATT
sg1302,Gene1302,TTTGTTTTTTAGTTTTTTAT
sg1303,Gene1303,TTTTTTTTTGTTTCTTTTTA
sg1304,Gene1304,TCTTGGTTTTTTTGTTTTTT
sg1305,Gene1305,TGTTATTTTTATTTGTTGTC
sg1306,Gene1306,TTTCTTTCCCTATTCTCTTT
sg1307,Gene1307,TTCTTTTTTAATTTTTTATT
sg1308,Gene1308,TTTTTTTTTTCTTTTTTTTC
sg1309,Gene1309,TATTGATTTGGTTTTTTTTT
sg1310,Gene1310,TTTTTTATTTTTGTTTTTTT
sg1311,Gene1311,ATTTTTTTGTTTTTTTTTTT
sg1312,Gene1312,TTGCTTTCTTTTTTTTATTT
sg1313,Gene1313,TTTTGCTTTTTTATTTTTTT
sg1314,Gene1314,CTTTTTTTGATTTTTCATTT
sg1315,Gene1315,TTTATTTTTTTTTTTCTTTT
sg1316,Gene1316,TTTCGGTTTTTTTTCGTATT
sg1317,Gene1317,ACATTTCTTTTTTTTCGTTA
sg1318,Gene1318,TTTCTTTTTTGCTTATTTGA
sg1319,Gene1319,TTTTTTTCTATTTTTTTTTA
sg1320,Gene1320,TTTATTTTATATTTTTTCTA
sg1321,Gene1321,TTTTTTCTTTTCATTCTTTA
sg1322,Gene1322,CTTCTTTTTTTTTTATTTTC
sg1323,Gene1323,TATTTTAGTTTTTTTTTGGT
sg1324,Gene1324,TTTTTCGTTGTGTTTTTTGT
sg1325,Gene1325,TATTTATTTTTTTTTTTTTT
sg1326,Gene1326,TTATTTGTTATATTTTATTT
sg1327,Gene1327,TTTTTTGAGTTTGTGTTTTG
sg1328,Gene1328,TTTTTTCTTTTTTTTTTTTT
sg1329,Gene1329,GTTTTTATTATTATTTCTTT
sg1330,Gene1330,GTTTTTTTATTTTTTATTGT
sg1331,Gene1331,TGTAGGTTTTTTTTTTTCTT
sg1332,Gene1332,CTTTTTTCTGTGTTTTACTT
sg1333,Gene1333,TTTTCTTTTTTTTTTTTTTT
sg1334,Gene1334,TTTCTTTTTGTTATCTTTTT
sg1335,Gene1335,TTTTTTGTTTTTTTTTTATT
sg1336,Gene1336,TGTTTTTTTTGTTTGTATCT
sg1337,Gene1337,GCTTTTTTTATTTGTTTTTT
sg1338,Gene1338,TGTCTTTTTTTTTTTTTTTT
sg1339,Gene1339,TTTTGTTTTATTATTTTTTT
sg1340,Gene1340,TGTTTTTTTGCCGTGTTTGT
sg1341,Gene1341,CTTTTTTATTTTCGCTTTTT
sg1342,Gene1342,TTTTTTTTTAATTATTTTGT
sg1343,Gene1343,TTGTTACTTTTTCCTTTTTT
sg1344,Gene1344,TGGCACACATTTTTTTTTTA
sg1345,Gene1345,TGTTGTCTGTTTTTTTTTTC
sg1346,Gene1346,TTTTTTTTATTTTTTTTTTT
sg1347,Gene1347,TTTTTAGTTTATTTTTTGTT
sg1348,Gene1348,TTTTTTTGTTCTTTTTTTTT
sg1349,Gene1349,TTTTTTTTTTTTTTTTTGTT
sg1350,Gene1350,TCGTTTTTTTTTTTTTTTTT
sg1351,Gene1351,TCTATGTATTTTTTTCTTTT
sg1352,Gene1352,TTTTTTTTTTTATTTCTATT
sg1353,Gene1353,TGGTTTGTTTTTTTTTATGT
sg1354,Gene1354,CAATCTTTTCTGTTTTTTTT
sg1355,Gene1355,TTTTCTATTTTTATTTTTTG
sg1356,Gene1356,TTTTCTTTTGTTTTTTATTA
sg1357,Gene1357,GTTTTTTCGTTATTTTTATA
sg1358,Gene1358,TTGTTCTTTGTTCTTTTTTT
sg1359,Gene1359,TTCTTTGTTCTTTTTGTTTT
sg1360,Gene1360,TTTTTATTGTAATTTTTATT
sg1361,Gene1361,TTTTTTTTTTATTTTTTTTT
sg1362,Gene1362,TTTCTTTATTTTTTGTTTTT
sg1363,Gene1363,GTTGTGTTTTCTTTTTATCT
sg1364,Gene1364,TTTTTTTTTTTTTTTTTTTT
sg1365,Gene1365,TTTTTTTTTTTTTTTTTTTT
sg1366,Gene1366,CTTCTTTTTCTCTTTTATTT
sg1367,Gene1367,TTTGTTATTTTTTATTTATT
sg1368,Gene1368,TTTTTTTTTTGTTGTTTTTT
sg1369,Gene1369,TTTTTTTGTTTAATTCTTTT
sg1370,Gene1370,TTTTTTTTTTTTAGTTTTTT
sg1371,Gene1371,TTTTATTTTTTTTTTTTTTT
sg1372,Gene1372,TTTTTATCTTTTTTTTTTTT
sg1373,Gene1373,CTTTTTTTCCTTTTTTGTTT
sg1374,Gene1374,TGTTTTTTTTTTTTTATTGT
sg1375,Gene1375,TTTTTCTTTCTTGGTTGTTT
sg1376,Gene1376,TTTTATTTGCTTATAATTTA
sg1377,Gene1377,GCTTTTCTGTCTTTTTTTTT
sg1378,Gene1378,TTTGTTCTTTTATTTTTTTT
sg1379,Gene1379,ATTATCTGATTGTTTCTTTT
sg1380,Gene1380,TTTGTTATTTTTTTTTTTTT
sg1381,Gene1381,TTTTGTTGCTTTTTTAATGT
sg1382,Gene1382,ATTTTATTTTGTTTTTCTCT
sg1383,Gene1383,TTTTTTTTTTTTTTTTTTGT
sg1384,Gene1384,TTTTTTCGTGTTTATTTTAT
sg1385,Gene1385,TCTCTTTTTTTTTTTTTTTT
sg1386,Gene1386,TTATTGTCTTTATGGTTTTT
sg1387,Gene1387,TTTCTGTTTTATTATATTTT
sg1388,Gene1388,TTTTTCTTTTTTTTGTTTCT
sg1389,Gene1389,TGTTTCTTGTTTCTTTTACT
sg1390,Gene1390,GTTTTTTTTTCTGTTTTTTT
sg1391,Gene1391,TTAGTATTTTAATTTTTATT
sg1392,Gene1392,TCTTTTTTTTTCTGGTTTTA
sg1393,Gene1393,CTTTTCTTTTTCGTTTTTCT
sg1394,Gene1394,CTGTTATTTTTGTTTTTTAT
sg1395,Gene1395,ATTTTTTTTATGTTATTTTT
sg1396,Gene1396,CTTTATGTGTTTCTTATTTT
sg1397,Gene1397,TTTTTTTCCGTTTTTTTTTT
sg1398,Gene1398,TTTCTTTTTTTCATGTTGTT
sg1399,Gene1399,TTTACTTTTGCTTTTTTTTT
sg1400,Gene1400,ATTTTTTTTCTTTTTTTTTT
sg1401,Gene1401,ATTTTTTTTCGTATGCTTTT
sg1402,Gene1402,CTTTTCTTGTTTTTGTTTTC
sg1403,Gene1403,TTTTATGTTTTTTTATTTTT
sg1404,Gene1404,TTTTTTTTATTTCTTTTTTT
sg1405,Gene1405,TTGTTTTTTCTTTTGTTTTC
sg1406,Gene1406,TTGGTTTTCTTTTTTTTCTT
sg1407,Gene1407,TTTCTTATTTATTTTTTATT
sg1408,Gene1408,TTTTTTTTTCTTGATTTTTT
sg1409,Gene1409,TTTTTCTCTTTTTTTTTTTT
sg1410,Gene1410,TGTGTACTTTTTTTTTTTTT
sg1411,Gene1411,TTTCTGTTTCTTTCTTTTGG
sg1412,Gene1412,AATTTTTCCAGTTTTTTTGT
sg1413,Gene1413,GAATTACCTTTCTTTTTTTT
sg1414,Gene1414,TTTTTTTTTTTTATACTTTT
sg1415,Gene1415,TTTTTTATTTTTTTTTTTTT
sg1416,Gene1416,TTATTTTACTTTTTTTCTGT
sg1417,Gene1417,TTTTTTTCGTTTTTTTTTTT
sg1418,Gene1418,TTTTTTTTTTGTTTTTCATT
sg1419,Gene1419,TTTTATTTTTTTTTTTTATT
sg1420,Gene1420,TTGTTTTTTGTCTTTTTTCT
sg1421,Gene1421,TCTAATTTATTTTTTTTTTT
sg1422,Gene1422,TTATTTTTGTTTTCTTTTCT
sg1423,Gene1423,CTTTGTTTTTTTTTTTTTCT
sg1424,Gene1424,TTTTTTTTGTTTATTCTTTT
sg1425,Gene1425,CTTTCTTTTTTTTTTTTTTT
sg1426,Gene1426,ATTGTGTTTTTTTTTTCTAT
sg1427,Gene1427,TTGTTTTGTTTGTTTTTTGT
sg1428,Gene1428,TTTTGTTTTTTATTATTTTT
sg1429,Gene1429,CATTTTCGTTTTTTTTCTTC
sg1430,Gene1430,TTTTTTTTTTTATTCTTTTT
sg1431,Gene1431,TTTTTTTTTCATTTTTATTT
sg1432,Gene1432,TTGTTTTTTCCATTCTTCTT
sg1433,Gene1433,TTTTTTTTTCTGTTTTTTTA
sg1434,Gene1434,ACTTTTTTTTTTTTGTTTTT
sg1435,Gene1435,TTTTCTGTTTTAATGTTTCT
sg1436,Gene1436,TTCTGTATTTCTTTTCGTTT
sg1437,Gene1437,TTTTGGTTTCGTTGTGCATT
sg1438,Gene1438,ATTTTTTTTTTTTTTTTTTT
sg1439,Gene1439,TTTTTTTTTTTTTTTATTTT
sg1440,Gene1440,TTTTTTTTCTTTTTTCTTTT
sg1441,Gene1441,TTTTTTTTTTTTTATTTGTT
sg1442,Gene1442,TTTTCTTTTTCTTTTTGTCT
sg1443,Gene1443,TTTTTCTTTTGTCTTCTTTT
sg1444,Gene1444,TTTTTGTTTTTTTTTTTTAT
sg1445,Gene1445,TTCTTTTTGTTTGTGTTTTT
sg1446,Gene1446,TTGGTTCAATTTGTTGCCTA
sg1447,Gene1447,CGCGTTTCTTTTTTTTTTTA
sg1448,Gene1448,TTTTTATTTTCTGTTTTTAT
sg1449,Gene1449,TTTTTTTTTTTTTTTCTTTT
sg1450,Gene1450,TTTTTTTTTTCTTTTTTTTT
sg1451,Gene1451,TTTTTTATTTTTTGTTTTCT
sg1452,Gene1452,TTTTTTTTATTTGCTTTGTT
sg1453,Gene1453,GTTGTTTAATTTGTTTCTTT
sg1454,Gene1454,TTTTATTTATTTTTTTTTTT
sg1455,Gene1455,TCTTTGTTTTTTTTTTTCGT
sg1456,Gene1456,TCTTTTTTTTCTCTGTTTCT
sg1457,Gene1457,TTTGTTTTTTCGTTTTTCTT
sg1458,Gene1458,CTTCTTTTTTTTTTTTTTTT
sg1459,Gene1459,TTTTTTTTTTTATTATTTTT
sg1460,Gene1460,TTTTTTTTTTTTTTTTTTCT
sg1461,Gene1461,ACGTTTTTATTTTTTCTTAT
sg1462,Gene1462,TTTTTTCTTTTGGTTATTTT
sg1463,Gene1463,TACTTTATTGTTACTTGATT
sg1464,Gene1464,TTTTTTTTTTTTTTGTTTTC
sg1465,Gene1465,TTTTTCTTTTTTTTTCTTTG
sg1466,Gene1466,TTATTTTATTTATTTTTTTT
sg1467,Gene1467,TATTATTCCTTTGGTTCTTC
sg1468,Gene1468,TTTTTAGTTTTTTTTATTTT
sg1469,Gene1469,TGTTTTTTTCTTTTTTTTTT
sg1470,Gene1470,TGTTTTAGTAATTTCTTTGT
sg1471,Gene1471,TTTCTTGATTATTTCTTTTT
sg1472,Gene1472,TCGTTTTTTTCATTTTTTTC
sg1473,Gene1473,AATTCCTTATTTGTTTTTTC
sg1474,Gene1474,ATCTTTTTCTTTATTTTTTT
sg1475,Gene1475,CATTGTTTGTTATTCTTATT
sg1476,Gene1476,TTTTTTTTTACTTTTATTTT
sg1477,Gene1477,TTTCATTTTTTATGTTTTTT
sg1478,Gene1478,TTTTTTTCTTTTGTGGTTTT
sg1479,Gene1479,TTTTTTCTTTTTTTTTTTTA
sg1480,Gene1480,TTTTTTGCTGTTTTTTTTTT
sg1481,Gene1481,TATTGTTTTTTTTTTTTTTG
sg1482,Gene1482,TTGCGCTTTATTTTGTTTTA
sg1483,Gene1483,TCTCTTTTCATTTTTCTTTT
sg1484,Gene1484,ATTTTTTTTTTTTTTTTTCG
sg1485,Gene1485,GATATTTTCTTTTTTTTCTT
sg1486,Gene1486,TTTTTATCTTTTTTTTTTGT
sg1487,Gene1487,TTTTGTATTTTTTTTTATTT
sg1488,Gene1488,TTTCTTTTTTTTTTAATTTC
sg1489,Gene1489,TTTTTTTTTTGTTTTTTCAT
sg1490,Gene1490,TTTTTGTTTCTTTTTTTTTA
sg1491,Gene1491,TTTTTTTTTTTAAATTTTTT
sg1492,Gene1492,TTATTTTTTTTTTTTGTTTG
sg1493,Gene1493,ATTGCTTTTTTTTTTTTTTT
sg1494,Gene1494,TTATTTTTAGTTTTTATATT
sg1495,Gene1495,CTTCTTTGTTTTTTGTTTTT
sg1496,Gene1496,GTTTTTTTTGTTTTGATTTT
sg1497,Gene1497,TCTATTTTTTTTGTTTTATT
sg1498,Gene1498,TTTTTCTTTTTTAGTTTTTT
sg1499,Gene1499,TTGGTTTTCTGTTTTTGTTT
sg1500,Gene1500,CATTTTTTTTTCCATTTTGT
sg1501,Gene1501,GCTTTTTTTTTTTTTTTTTT
sg1502,Gene1502,GTTTTTTTTTTTTTTTTTTT
sg1503,Gene1503,GTTTTTTTTTTTTTCTTCTA
sg1504,Gene1504,TTTATTTTTTTTTTTTTGTT
sg1505,Gene1505,TTGTGTGTTTTTTGTTTTTT
sg1506,Gene1506,TTTTTTTGTTTGTTTTTTCA
sg1507,Gene1507,AGTTTTGTTTTTTCTTTATT
sg1508,Gene1508,TAGTTTTTTTCTTTTTATTT
sg1509,Gene1509,TTTTTGCTTTTTTTTTTCTA
sg1510,Gene1510,TTTTTTTGTTTATGTTTTTT
sg1511,Gene1511,GTTTCTATTTTTTTTTTTTC
sg1512,Gene1512,TTTTTTCTTTTCTTATGCGT
sg1513,Gene1513,TATTCTTTTTATTTTTTTTT
sg1514,Gene1514,TTCTCTTTTTTCGGTATTTT
sg1515,Gene1515,TTTTTTTTTCCTTTTTTTTT
sg1516,Gene1516,ATTTGTTTTTTCAGTTTTAT
sg1517,Gene1517,TCTGTTTTTTTTTATTTGTT
sg1518,Gene1518,TTTTTTTTCTTTTTTCTTTG
sg1519,Gene1519,GTTTCTTGTTTTTGTATTAT
sg1520,Gene1520,TTTTACTTGTTATTTTTTTT
sg1521,Gene1521,TTTTTGTATTTTTTTTTATT
sg1522,Gene1522,TTCATTTTTTTGCTTTCCTT
sg1523,Gene1523,TTTTTTTTTTATTTTTTTAC
sg1524,Gene1524,TTTTTTTGTTTTTTTTATTT
sg1525,Gene1525,TTTTTTTTTTTTTTTTTTTT
sg1526,Gene1526,TCTGTTTTCTTTTTTTTTAT
sg1527,Gene1527,TTTTTTTTTTATATTTATCT
sg1528,Gene1528,GTATTTCTTTTTTCTATCCT
sg1529,Gene1529,TTTTTATTTTTTTTTTTTCT
sg1530,Gene1530,TATTTTTTTTTTTTTCTCTT
sg1531,Gene1531,TTCTTTTAATTGTTTTTGTT
sg1532,Gene1532,TCTTTGTCTTTTATTGTTAT
sg1533,Gene1533,CTGTTTATTTTTTTTTTTAT
sg1534,Gene1534,TTTGTCTTTTTTTCTTTTTT
sg1535,Gene1535,TTTTGTTTTTTTTTTTTTGT
sg1536,Gene1536,TTTTTTCTTTCTTCTTTATT
sg1537,Gene1537,TTTAGTCGTTCGTTTTTTTT
sg1538,Gene1538,TTTTTATAATTCTTTGATTT
sg1539,Gene1539,TTTTGTTGTGTTTGCTTTTT
sg1540,Gene1540,TGTCTTTTCGTTTTTTTTTT
sg1541,Gene1541,TATTATTTATATTTTTTTTT
sg1542,Gene1542,TTTTTTTTTTTTTTTTTTGT
sg1543,Gene1543,GCCTCTATTTTTTTTTTTTG
sg1544,Gene1544,TTTATTTTTTTTATTTTTTT
sg1545,Gene1545,TTCTTTTTTTTTTTCTTTTT
sg1546,Gene1546,TTTTTTTTTTTAATTTTTGT
sg1547,Gene1547,TTATCTTATTTTTTTTCTTT
sg1548,Gene1548,TTTTTTCTTTCTTTATTTCT
sg1549,Gene1549,GTTGCTTTCTTTTTTTTTCA
sg1550,Gene1550,TTTTTTTTCTTTTTTTTACT
sg1551,Gene1551,TTTTTTTTTCTTTTTGTTGT
sg1552,Gene1552,TTTTTATTTTATTTTTTTTT
sg1553,Gene1553,ATTCTTTTTATTTTTGTTTT
sg1554,Gene1554,TTTTTCCTTTTTTTGTTTTT
sg1555,Gene1555,ATTTATTTTTTTTTTTTTGT
sg1556,Gene1556,TTTTTTTATTTTCTTCTTTT
sg1557,Gene1557,TTGGTTTTTTCTTTTTCTTG
sg1558,Gene1558,TTCTTTTTTTTATTGTTTTT
sg1559,Gene1559,TTTTTTTTTTTTTTTTTTTT
sg1560,Gene1560,TCATTTTTTTCTTTTTTTTT
sg1561,Gene1561,TTTTTTTTATTATCTTGTTT
sg1562,Gene1562,CTATTTTTTTTTGTTTTTTG
sg1563,Gene1563,ATTTTTTTTGTGTTTTATGT
sg1564,Gene1564,TTCTTTTTTCTTGCTTTTTG
sg1565,Gene1565,TTGTTTTTTTCTTTGTATTT
sg1566,Gene1566,TCTCAATTTTTTTTTTTAGT
sg1567,Gene1567,TTCTTTTTGTCCTTTTTTAT
sg1568,Gene1568,TTCTTTTTGTTCTTTTTTTT
sg1569,Gene1569,TTCTTTTTTTTATTTATTTA
sg1570,Gene1570,TTTTTTTGCTTTTTTTTTCT
sg1571,Gene1571,TTTTTTTTTTTTTGCCTTCT
sg1572,Gene1572,CTTTTTATTTCTTTTTTTGG
sg1573,Gene1573,TATTTTCAATTTTTTGTTTT
sg1574,Gene1574,TTTTGTATTTTATTTTTCCG
sg1575,Gene1575,TTTTGTTGTTTCTTTTTTTT
sg1576,Gene1576,TTGCTATTTTTTTTTTGTTT
sg1577,Gene1577,TCTCTTTTTGTATTTTTTCT
sg1578,Gene1578,GTTTTTTGATTTGTTCTTCA
sg1579,Gene1579,TTTTGTTGTTGTTTTTTTTT
sg1580,Gene1580,TGTTTTTCTTTTTTTTATTT
sg1581,Gene1581,TTTCTTTTTTTCTTTTTTGT
sg1582,Gene1582,TTTTTTTTTTTCTTTGTATT
sg1583,Gene1583,TATTTTTGTTTTTTTTAATT
sg1584,Gene1584,TTGTTTTTTTTTTTCTTTTT
sg1585,Gene1585,TTTCTTTTTTTTTTTCGGTT
sg1586,Gene1586,TTTTTTTTTTTTTTCTTTTT
sg1587,Gene1587,GTTTTTTTTATTTCTTCTAT
sg1588,Gene1588,TTTTTTTTTTTATTTTGTGT
sg1589,Gene1589,TCATTTTTTGTTTTTTTCTT
sg1590,Gene1590,CTTTATTTTTTTTTACTTTT
sg1591,Gene1591,TGTTTTTTTTTTTTTTTATT
sg1592,Gene1592,TATCTTTTTTTTTTTTTTTT
sg1593,Gene1593,TGTATTTTATTTTTTTGTTT
sg1594,Gene1594,TCTTGTTTTATTTCCTCCTT
sg1595,Gene1595,AATTTTTTTTATTATTTTTT
sg1596,Gene1596,TTCTCTTGTTTTTTTTAGTT
sg1597,Gene1597,TTTTCTTTTTTTGCTTTTTT
sg1598,Gene1598,TTTTTTTGAATCATTTTTTT
sg1599,Gene1599,GATTTTTTTTTTTATTTTTT
sg1600,Gene1600,TCGTGGTTTCTTTTTTTATT
sg1601,Gene1601,TCTTGGTTTTCTTTTTATTT
sg1602,Gene1602,TTCTTTTTTTTTTTTTTAAT
sg1603,Gene1603,TTTTTTTTTTTTTTTTTTTT
sg1604,Gene1604,TTTTTTTTCGGCTTCGTTTT
sg1605,Gene1605,CTATTTCTATTTTTATTTGG
sg1606,Gene1606,TTCTTTTTTTTTCTTTACTT
sg1607,Gene1607,TTGTTTTTTTTTTTTTTTTT
sg1608,Gene1608,TTCCATTGGTTCTTTTTTTT
sg1609,Gene1609,TTTTTTTTTGTTTTTTTTTT
sg1610,Gene1610,TGTACTTTGTTTTTTTTTTC
sg1611,Gene1611,ATTTTCTTCTTAGTTTTTTT
sg1612,Gene1612,TATTTTTTTTTTTTTTTTAT
sg1613,Gene1613,TTTTTTTCTTTTTTTTAGTT
sg1614,Gene1614,TTTTTTTTTTTTTTTTTCTT
sg1615,Gene1615,TTTTTCCTATTTTTTTTTTT
sg1616,Gene1616,TTTATGTTTATTTGTTTTTC
sg1617,Gene1617,TTTTTATGTTGTTTTTCTTT
sg1618,Gene1618,TTTCTTTTTTGTTTTTTTTA
sg1619,Gene1619,TTTGTTTTTTTTTTCTGACG
sg1620,Gene1620,TAGTTTTTTTTTTTCTTTTT
sg1621,Gene1621,TTTTTTTATTTTTTCTTATT
sg1622,Gene1622,AGTTTTTTTTTTTTTTTTTC
sg1623,Gene1623,TTTTTTTTTTATTTTTTTTT
sg1624,Gene1624,TGACCGCGTTGTGGCTTTTT
sg1625,Gene1625,TTGTTGTTTTTGTTTTTTCT
sg1626,Gene1626,TTTTGTTTTTTTTCTTTTCC
sg1627,Gene1627,TTTTTGTTTTCTTTCTTTGT
sg1628,Gene1628,TTCTGTTTATTTTTTTTATT
sg1629,Gene1629,TTATATTTTTTACTTTTTTT
sg1630,Gene1630,TATTTTTATTTGTTATTTTT
sg1631,Gene1631,TTTTGTTTTTTCTTTCTTTC
sg1632,Gene1632,TTTTTTTTTTTTTCTTGTTT
sg1633,Gene1633,TTGTTTTTTTATTTCCTTTT
sg1634,Gene1634,TTTTTATTTTATTCTTTTGT
sg1635,Gene1635,TTTCTTTTTTGGTTTTTCTC
sg1636,Gene1636,GTTTTTTTTTTGTTTTTTTG
sg1637,Gene1637,TTCTTTACTTATCTGCTTAT
sg1638,Gene1638,TTTTTTTGTTTTTTCTTTTT
sg1639,Gene1639,ATTTTTATTTTATTTTCTTA
sg1640,Gene1640,TTTATATTTCTTTTTATTTT
sg1641,Gene1641,TATTTTTTTTTGTTCTTTTT
sg1642,Gene1642,TTTTTTTTTGTTTTTCTTTT
sg1643,Gene1643,ATTTTTTTTTTTTTTATTTT
sg1644,Gene1644,TTTCTTGTTTGTGTTTTTGT
sg1645,Gene1645,TATTTATTTTTCTTCGGTTT
sg1646,Gene1646,TTTTTTTTTTATTTTTTTTT
sg1647,Gene1647,TTTGTTTTTTTTTCTTTTTG
sg1648,Gene1648,TTTTTTTTTACAATCGTTTG
sg1649,Gene1649,TTTTTTTTTTTTTTTTCTTT
sg1650,Gene1650,GTTTTTTTTCTCTTTTTTTT
sg1651,Gene1651,ATTTTGTTTTTTTTATTTTT
sg1652,Gene1652,TTTTTTTCTTTTTTGTTTTT
sg1653,Gene1653,TTTCTTTTTTTTTATTTCTT
sg1654,Gene1654,TTTTTTTGGTTTTTTTTTTT
sg1655,Gene1655,TGTTTTTTGGTTTTTTTTTT
sg1656,Gene1656,TGTTTATATCTTTTTTTTTT
sg1657,Gene1657,GTTTTTTTTTTTATTTTGTT
sg1658,Gene1658,TTTGTTTATTTTTTTTTGTT
sg1659,Gene1659,TTTTTTATTTTTTTTTTTTA
sg1660,Gene1660,TTTCTGTTTTACTTCTTTCG
sg1661,Gene1661,TTTTTTTTTTTTTTTTTTTT
sg1662,Gene1662,TTTTTTTGCTATTCGTTTTT
sg1663,Gene1663,TTTTTTTTTTTTCTGTTTTT
sg1664,Gene1664,TTTTTTAATTCTTTCTTTTT
sg1665,Gene1665,TGTTTTTTTTTTGTGTTTTT
sg1666,Gene1666,TCTTGTTTTTTATTTTATTG
sg1667,Gene1667,GTTTTTATTTTTATTTTTTA
sg1668,Gene1668,TTTTTTTTGTGTTTTATTTT
sg1669,Gene1669,TTTTCTTTGTTTTTCGTTTA
sg1670,Gene1670,TTTTCATTGTTTTTTTTTTT
sg1671,Gene1671,TTTTTTTTGTTTTTGGTTTC
sg1672,Gene1672,TCTTTTTTAATTATTTTTTG
sg1673,Gene1673,TTTATGGTTTTTTTTCTGTT
sg1674,Gene1674,TTACTTTATTCTTTTCTTTT
sg1675,Gene1675,TTTTTTCTTTTTTGTTTTTT
sg1676,Gene1676,ATTTTCTTATTTTTTGTTTG
sg1677,Gene1677,GTGTTTTTTTTTTTTTTTGT
sg1678,Gene1678,TTTTTTTTTATTCTTCTGTT
sg1679,Gene1679,TTTTCTTTTTTTTTTTATTT
sg1680,Gene1680,TTTTTTTTTTTTTTTCGCTT
sg1681,Gene1681,TTTTTTTTGTTATATTTTTT
sg1682,Gene1682,TTTTTTTTTTTGTTTTCTTA
sg1683,Gene1683,TTGCGTTTTTCTGTTCTATT
sg1684,Gene1684,TTTTTTTTTTTGTTATTTCT
sg1685,Gene1685,TTGGTTTTTGGTTTGTTTTT
sg1686,Gene1686,TTTTTTTTTTTTATTTTTTT
sg1687,Gene1687,TTTTTTTTTTTTTTTTTATG
sg1688,Gene1688,GTTTTTTTTTCTTTCGTTTG
sg1689,Gene1689,TTATTTTTCTGGTTTTTTGT
sg1690,Gene1690,TTATTTTTTTTTTTTTTTTT
sg1691,Gene1691,TTTACTTTTTCATTGTTTTT
sg1692,Gene1692,TTTTTTTTTTTTGTTATATT
sg1693,Gene1693,CTTTTTTTTTGTTCTCTTTG
sg1694,Gene1694,TTTTTTTTTTCTTTTCTTTT
sg1695,Gene1695,TGTTTTTCTTTTTTTTTTTT
sg1696,Gene1696,TTTATTTTTTTTTTTTTCTT
sg1697,Gene1697,TTTTTTTGTTTTTTTGTTTT
sg1698,Gene1698,TTCTTCGTTTATATTTTTTA
sg1699,Gene1699,TTTTGTTTCGAACTTTTATT
sg1700,Gene1700,CTCTTTTTTTTTTTTTTTTT
sg1701,Gene1701,TTTTTGTTTTTGTTTTTTTT
sg1702,Gene1702,TTTTGCTTTGTTCTTTTTTA
sg1703,Gene1703,TATTTTATTCTTAGTCTTTC
sg1704,Gene1704,TTCTTTTATTTTTTTTTGTC
sg1705,Gene1705,TTTTAATTTTTAGTTTTTGT
sg1706,Gene1706,TATTTTTTTTTTTTGTTTTT
sg1707,Gene1707,TTTCTTTTGTTTTTTCGTTT
sg1708,Gene1708,TTTTTGTTATTTTTTTTTTT
sg1709,Gene1709,TTTTTTTTTTGTCTTTTTTT
sg1710,Gene1710,TGTCTTTTTTTTTTTTCTTG
sg1711,Gene1711,ATTTTTTTTTTTTTTTTTTT
sg1712,Gene1712,TTTTTTTTTTTTATTTTTTT
sg1713,Gene1713,TTTATTGTTTTTTTTTATTT
sg1714,Gene1714,ATTTTTTTTTTTTGTTTTCT
sg1715,Gene1715,TTTTGTTCGGTTTATTTTTT
sg1716,Gene1716,TTTTTTTTTTTACTTTTTTT
sg1717,Gene1717,TTATTTTTTTTTTTTTTTTT
sg1718,Gene1718,TTTCATTTTAATTTTATCTT
sg1719,Gene1719,TTTTTTTCTTTTCTTGTTAT
sg1720,Gene1720,TTTCCTTTTTGTTCTTTTTT
sg1721,Gene1721,TTTTTTTTTTTTTCTTTTTT
sg1722,Gene1722,TTCTTTTTTTTATCTTTTTT
sg1723,Gene1723,TGTTTTTTATTTGTTTTTTT
sg1724,Gene1724,TTTTTTTTTTGTTTTGTTTT
sg1725,Gene1725,CTCTATTTTTTTTTTTTGCA
sg1726,Gene1726,TTCTTTTTTTCTTCCCGATC
sg1727,Gene1727,TTTTTTTTTTGGTTTTTTAT
sg1728,Gene1728,TTTTTCTTTTTTTTTCGTTT
sg1729,Gene1729,TCTTTTTTGTTTTTTTTTTT
sg1730,Gene1730,TTGTTTCTCTTTTTTTTTGT
sg1731,Gene1731,CTTGTTTTTTATTTTGTTTT
sg1732,Gene1732,TTTTTTTGTTCATTTATTTT
sg1733,Gene1733,TTTTGTTCTTATTTTTTTTT
sg1734,Gene1734,TGTTACTTGGTTTTTTTTAG
sg1735,Gene1735,TGTTTTTTTCTTTTTTCTTT
sg1736,Gene1736,TTTTTTTGTTTTTCTTTTTT
sg1737,Gene1737,TTGGTTCTTTTTTTTTTTTT
sg1738,Gene1738,TTTTTTTTTTTTTTGTATTT
sg1739,Gene1739,TTTTTTTATTTTTTGTTTTT
sg1740,Gene1740,GTTTTTTTTTTTAGGTTAAA
sg1741,Gene1741,ATGTATTTTTTGTTTCTTTT
sg1742,Gene1742,TTTTTACTTTTTATTTTAGT
sg1743,Gene1743,TCTTTTTTGTTTTTTGGTTT
sg1744,Gene1744,TTTTTTTTTTTTGATTATTT
sg1745,Gene1745,CTCTTTTTTTTTTTTTTTTT
sg1746,Gene1746,TTTTTTTTTTTGTTTTTTTT
sg1747,Gene1747,TTCATTTTTCGCTTTTTTTT
sg1748,Gene1748,TATTTTTTTTTTTTTTTTCT
sg1749,Gene1749,TTTTTTTATTTCTTTTTTTT
sg1750,Gene1750,TATTTTTTTATTTTATGTTT
sg1751,Gene1751,TTTTTTCTATTTTTCTGTTT
sg1752,Gene1752,TTTTTTTATTTTTTTTTTTT
sg1753,Gene1753,TTTATCTTATTCTTTTTTTT
sg1754,Gene1754,TGTTTTTATGTTTTAGTTTT
sg1755,Gene1755,TTGTTCTTTTTTTTATTTTC
sg1756,Gene1756,TTTTTTCTTTTGTTTTTTTG
sg1757,Gene1757,TGCCTTGGTTGTTTATTTTT
sg1758,Gene1758,ATTTTTTTTCTTTTTGTTTT
sg1759,Gene1759,TTTTTTTTTTTTATTTTCTT
sg1760,Gene1760,TTTTTATCTTTTTTTTTTTT
sg1761,Gene1761,TTTATTTTTTTCCTTTATTA
sg1762,Gene1762,TTTTTCTTTCTTTGTTTTTG
sg1763,Gene1763,CTTTTTTTTTCTTTTTTTTT
sg1764,Gene1764,TATCGTTTTTTCTACTTTTT
sg1765,Gene1765,TTATTATTTGTTTTCTGTAT
sg1766,Gene1766,TCTGTTTTATTTTTTTTTTT
sg1767,Gene1767,TTTTGTTCTTTTTTTTACTT
sg1768,Gene1768,TTTCTTATTCGTTAATATTT
sg1769,Gene1769,ACTTTGTTGTTACTTTTTAT
sg1770,Gene1770,ATTTATCTTTATTTTTTTAT
sg1771,Gene1771,TTTTTTTTTTTGTTTTTTTT
sg1772,Gene1772,TTCTTTTTTTCTCCTTTTTT
sg1773,Gene1773,TTCTTTAATTTTCTTATGAT
sg1774,Gene1774,TTTTCTTAATTTGTTTTTTT
sg1775,Gene1775,TGGATTTTTTTTGTTATTTT
sg1776,Gene1776,TTTTTTTTCATTTATTTTTT
sg1777,Gene1777,GTTTTTTTATTGTTTATTTT
sg1778,Gene1778,TCTTTTTTTTTTTTTATTGT
sg1779,Gene1779,TTTTTTTTTATTTTTTTCTT
sg1780,Gene1780,CGTTTTTTCTTTATTTTTGC
sg1781,Gene1781,TTTTTGCTTTTTTCTTTTTT
sg1782,Gene1782,TCTTTTTTTTTTTTGCGTCT
sg1783,Gene1783,TTTTTTTTGTTTATTATCTT
sg1784,Gene1784,TCTTTTTTCTTTTTTGTTTT
sg1785,Gene1785,TTTCTTTATGATTTTTTTCC
sg1786,Gene1786,TTTTGCGTTGTCTTACTTTA
sg1787,Gene1787,TTTTTGTACTTTTTTCGCTT
sg1788,Gene1788,TTTGTTATGTTTTTTTTTTT
sg1789,Gene1789,TTTTTTTTTTTTTTTTTATT
sg1790,Gene1790,TTTTTTTTTTATTTTTTTTG
sg1791,Gene1791,TTTTTTTCTTTTTTTTTTCT
sg1792,Gene1792,TTTTTCTTTTGTGTTTTTTT
sg1793,Gene1793,GTCGTTGTGGGTTTTTTTTT
sg1794,Gene1794,TTTTTTTTTTTGTGTTTTTT
sg1795,Gene1795,GTTTTTCACTATTTCTTGTT
sg1796,Gene1796,TTTTTTTATGTATTTTTTCT
sg1797,Gene1797,TTTGTTTTTTTCTTTTTTTT
sg1798,Gene1798,TATTTTTTCTTCTATTTTTT
sg1799,Gene1799,ATTCCTTTTGTTGCTTTTTT
sg1800,Gene1800,TTTATTTTTTTTTTTTTTTT
sg1801,Gene1801,TTTTTTTTTAATTTTTATTT
sg1802,Gene1802,TTTTTTTATTTTTTTTTTTC
sg1803,Gene1803,ATTTTTTTCTTTTTTGCTTT
sg1804,Gene1804,TTTTATTTTTTATTTTTTTT
sg1805,Gene1805,GTTTTTTTTTTTTCTTTTTT
sg1806,Gene1806,TTCATTTTTGCTTTTCTCCT
sg1807,Gene1807,TTTGTTTTTTTTTTATCCCT
sg1808,Gene1808,TTTTTTTTTTTGCTTATTCT
sg1809,Gene1809,TTTTGTTTTTTGTATTTTTG
sg1810,Gene1810,TTTCTTTTTCTTTCTTTTTT
sg1811,Gene1811,TTTTTTTTTTTTATATTTAT
sg1812,Gene1812,TTTCTTATGTCTTTTTTTTG
sg1813,Gene1813,TTTTTTTTTTTTTTGGTTTT
sg1814,Gene1814,TTTGTTTTTTTCTTTTACGT
sg1815,Gene1815,TTTCTTTATTTTTTATCGTT
sg1816,Gene1816,TTTTGGTTTTTTTAATCTCT
sg1817,Gene1817,TTTTTTTTTGATTTTTTTTT
sg1818,Gene1818,TTTTTTTTTTGTTTTTTTTT
sg1819,Gene1819,TTGTTTTTTTTTTCTATTTT
sg1820,Gene1820,TTTTTTTTTTTTGTTTTGTT
sg1821,Gene1821,CTTTTTTTTTTTTTTTTTTT
sg1822,Gene1822,TTTTTTTTTTTTTTCGTTTT
sg1823,Gene1823,TTAGTTTTTTTTTCATTTTG
sg1824,Gene1824,TTTTCTGTTGTTTTTCTGTT
sg1825,Gene1825,TTTTTTTATCGTTTTTTTTT
sg1826,Gene1826,TTTTTTTTTGATTTTTTTCT
sg1827,Gene1827,TTTCTGCTAGTTGCTGTTAA
sg1828,Gene1828,TTATGTTTATTGTTTTTTTC
sg1829,Gene1829,TTTGTATTTTTAGTGGTTTT
sg1830,Gene1830,TTTTTTGTTTTGTTTTTTTC
sg1831,Gene1831,TTTGTTTTTTTTTGTTATTT
sg1832,Gene1832,TTTTGCGTTGTTTTTGTTTT
sg1833,Gene1833,TTTTTTTTTTCCATTTTTTT
sg1834,Gene1834,ATTTTTGTTTTCTTTTATTC
sg1835,Gene1835,TTTTTTTGCGTTTTTTATCT
sg1836,Gene1836,TTTGTTCTTTCTTTATTTTT
sg1837,Gene1837,TATTTGTTATTTGTTCTTCT
sg1838,Gene1838,TTTTCTTTCTTTTTTATTTT
sg1839,Gene1839,TCTTTTTTCTGATTTTTGAT
sg1840,Gene1840,CCTTTTTTTTTTTTTCTTTT
sg1841,Gene1841,TTTGTATTTTTTTTTGTATT
sg1842,Gene1842,TTTTATCTTTCTTTTGTCGT
sg1843,Gene1843,TTTTTTCCTTTTGTTTTTTT
sg1844,Gene1844,TTTTTTGTTTTTTTTTTTTA
sg1845,Gene1845,TTCTTTTTTTTTTTTTTTTT
sg1846,Gene1846,TTTTTTTTGTTTTGGTTTAT
sg1847,Gene1847,TTTTTTCTTTTTTTTTTTCT
sg1848,Gene1848,CTATTTTTTTTTTTTTTTGT
sg1849,Gene1849,TTTTTTTTTTTGGATTTGTT
sg1850,Gene1850,CTTTTTTTTTTTTTTTTTTA
sg1851,Gene1851,TTTATGTTTGTTTCTTTTTG
sg1852,Gene1852,AATTTTTTTTTTTTTTTGTC
sg1853,Gene1853,TTTTTTTTTGTTTTTTGATT
sg1854,Gene1854,CTTTTTGTTTCTTTTTTATA
sg1855,Gene1855,ATTTTTTTTTTTTTGTTCTT
sg1856,Gene1856,TCTTGTTTTTCCTTGTTTTT
sg1857,Gene1857,TTTTTTTTTTTTTTTTTTTT
sg1858,Gene1858,TTGCTTTTTTTGTTAATTTT
sg1859,Gene1859,TTTTTTTATCTCTCTTTTTG
sg1860,Gene1860,TTTTTTTATTGTCTTTTTAT
sg1861,Gene1861,ATTTCTTTTGTTTTCTATTT
sg1862,Gene1862,TTTTTTTTTTCTTTTTTTTT
sg1863,Gene1863,TTTTTTTCTTTATTTTTTGT
sg1864,Gene1864,GGTTTTTGTATGATTGCTTG
sg1865,Gene1865,TTTTTGTTTATTATTTTTTT
sg1866,Gene1866,TTTTTTTGTTTTTTTTTTTT
sg1867,Gene1867,TTTTTTTGCGTTTTTGCTTT
sg1868,Gene1868,TTTTTTTGTTTGTCTTTTTT
sg1869,Gene1869,TTTTTTGCTTTTATTATTTT
sg1870,Gene1870,TTTTTGTTTTTTTTTTTTTT
sg1871,Gene1871,TTATTTTGCTGTTAGTTTAT
sg1872,Gene1872,TTCTTTCTTGATGTTTTTTT
sg1873,Gene1873,ATTTCTTTTTTCCTTTTTTG
sg1874,Gene1874,TTTTTTTTTTTTTATTTTGT
sg1875,Gene1875,TTTCTTTTTTTTTTTTTTTT
sg1876,Gene1876,TTGTTTTTTTTTTTTTATTT
sg1877,Gene1877,TTTTTTTTTTGTATTTTTAC
sg1878,Gene1878,TCTTTTTCTTTTTTTTTTTG
sg1879,Gene1879,GTTCTTTTTTTCTTGATTTT
sg1880,Gene1880,TATTTTTTTTTTTATTTGTG
sg1881,Gene1881,TTATAATTTTTTCTTTTTCT
sg1882,Gene1882,TTTTTTTTTTGTTTTTTTTT
sg1883,Gene1883,TTTTCTTTTTCTTTGTTATT
sg1884,Gene1884,TTCTTTATTTTGTTTCTATT
sg1885,Gene1885,TTTTTTCTTTTTTTTTTTTT
sg1886,Gene1886,TCTGTTTTTTGTATTTTCTT
sg1887,Gene1887,TTCTTTAATGTTTTTTGTTG
sg1888,Gene1888,TGTCTGTTTAGTTTATGTTT
sg1889,Gene1889,TTTTTTTTTTCTTTTTTTTC
sg1890,Gene1890,TTTTTTTTTTTTTTTTTTTT
sg1891,Gene1891,TTTTTATATTCTGTTTTTTT
sg1892,Gene1892,TCTTTATTTTATGTTTTTTT
sg1893,Gene1893,TTTTTGTTCTTTTTTTTTTT
sg1894,Gene1894,GATTATTTTTTTTTTTATTT
sg1895,Gene1895,TATCTTCCTTTTTTCTATTT
sg1896,Gene1896,TGTGTTTCTTTTTCTTATTT
sg1897,Gene1897,TTTTTATTGTTTATTTTTTT
sg1898,Gene1898,TTTTTTTTTTTTTTTTGTTT
sg1899,Gene1899,ATTTTTTTTTTTTTTTTTTT
sg1900,Gene1900,TTTTTTATCCTTTTTTTTTG
sg1901,Gene1901,TTTTATTTATTTTTGATCTT
sg1902,Gene1902,TCTTTTTTCTTTTTTTTGTT
sg1903,Gene1903,GTTTTATTTTTGTTTTTGCT
sg1904,Gene1904,TTTATTTTTTTTGTTTATTT
sg1905,Gene1905,TTTTATTTGTTTGTTTTTAT
sg1906,Gene1906,TTTTTTCTTTTTTTCTTTTT
sg1907,Gene1907,TTATCTTTCTTTTTTTTCTT
sg1908,Gene1908,TTTTTTTTATCTTCTTTTTG
sg1909,Gene1909,TTTTTTTTTTTTCTTTAAAG
sg1910,Gene1910,TGCTGTTATTTTTTTTACGT
sg1911,Gene1911,CTCACTTTTTATTTTTATTT
sg1912,Gene1912,TTTTGATGCTGTTTTTTTTT
sg1913,Gene1913,TTCTGTATTTATTCTTGTTT
sg1914,Gene1914,GTGGTTTTTTTTTTTTTTTT
sg1915,Gene1915,TTTACTATATATGTTTTTTA
sg1916,Gene1916,TTTTTATTTTATTTTTTTTT
sg1917,Gene1917,TTTTGGTTTTTTTTTCTTTT
sg1918,Gene1918,ATTTTTTTTTTTCGTTGTTT
sg1919,Gene1919,TTTTTTTTTTTTTACTTTTT
sg1920,Gene1920,TTTTTTTTTTTTTTTCTGTG
sg1921,Gene1921,TTTCTTTTTTTTTTGGGTCT
sg1922,Gene1922,TTTTTTTTTTTTATTTTTTT
sg1923,Gene1923,TTTTTTTGTCTTATTTCTTT
sg1924,Gene1924,ATTTTTTTTTTTTTTTTTTG
sg1925,Gene1925,TTTTTGTTGTTTTTGTTTGT
sg1926,Gene1926,TGTATATGTTTTGTCTTTTT
sg1927,Gene1927,TTTTTTTTTCTTTTTTGTTT
sg1928,Gene1928,TCTTTTTTTTATTTTTTTAT
sg1929,Gene1929,TTTATTTTTTTTTTGTTTTT
sg1930,Gene1930,TTTTTTTTTGCTTTTTTTTT
sg1931,Gene1931,TTTTTTTTTTCTTTTTTTGT
sg1932,Gene1932,TTTTTTTTCTTTTCTTATGA
sg1933,Gene1933,TTTTTTTTTATCGTTTTTTT
sg1934,Gene1934,TTTTTTCTTTTTATGTTGTT
sg1935,Gene1935,TTTTTTTTTTTGTTTCTATT
sg1936,Gene1936,TTATTCTTTTTTTATTTTCT
sg1937,Gene1937,TTTTTTTTTTTTTTTCTTTT
sg1938,Gene1938,ATTTTTTGTATCGTTTTCAT
sg1939,Gene1939,TTTTTTTTTTTGATTTTTTT
sg1940,Gene1940,TTATTTGTTCTTTTTTTTTT
sg1941,Gene1941,TCTTTGTTTTGTTATTTATG
sg1942,Gene1942,TTCTTCTCTATTGTTTGGTT
sg1943,Gene1943,TTCTTTTCTGCTTTTTTTTT
sg1944,Gene1944,TTTTATTCTTTATATTCTTT
sg1945,Gene1945,ATTTTGTATTTTCTTTTTTT
sg1946,Gene1946,TTTTTTTTTTTTTTTTTTCT
sg1947,Gene1947,TATTTTCTTGTTTCTTTAAT
sg1948,Gene1948,TTTTATTTATTTTTTTTGTT
sg1949,Gene1949,TTTTTTTCTTATTTGATTTT
sg1950,Gene1950,GTTTCTTTTTTTTGATCTTT
sg1951,Gene1951,CTTTTTTTTGTTTTTTTTAT
sg1952,Gene1952,TTGTTTCTTTTTTTTTTTTA
sg1953,Gene1953,TTTTATTACCTGTTTGTTTT
sg1954,Gene1954,TTTTTTTTTTTTTATATTTT
sg1955,Gene1955,TTTTTGTTTTTTTTTTTCGT
sg1956,Gene1956,TTTTTTTTTTTTTTTTTGTT
sg1957,Gene1957,TTTTTTTTCTTTTTTTTTAA
sg1958,Gene1958,TTCGTTTATTATTGTGCTTC
sg1959,Gene1959,TGTTTATTTTTTTTTTTTGA
sg1960,Gene1960,TTTTTTTATTTTTTTATATT
sg1961,Gene1961,TTTTTTCTTTTTTTCCGCTT
sg1962,Gene1962,TATTTGTGTTATTCTGTTTT
sg1963,Gene1963,GTTTTATATTTTTTTTTTTC
sg1964,Gene1964,TTTTTTGTTATTTTTTATTT
sg1965,Gene1965,TTTTTTTTTTCTGTTCTTTT
sg1966,Gene1966,TTTTTTTTTTTTTTTTTTTT
sg1967,Gene1967,TTTCTTTTGGTTTCTTTGTT
sg1968,Gene1968,ATTTATATTTTATTATTTAT
sg1969,Gene1969,TTTTCGATTTTTGGGTTTTT
sg1970,Gene1970,TTGTTAATCTTTTTTAATCT
sg1971,Gene1971,TGGTTTTTTTTTTTTTTTTT
sg1972,Gene1972,TTATTTTTTTTTTATTATTT
sg1973,Gene1973,TTTATTTTTGACTTTTTTTT
sg1974,Gene1974,TTTTTATTATTCTATTGTTG
sg1975,Gene1975,TTTTCTTTTTATTTTTTCTT
sg1976,Gene1976,TTTTCTTTGTTTTTCTTTAT
sg1977,Gene1977,TTCTTTTTTTTGTTTTTCCT
sg1978,Gene1978,TTTTTTTTTTTTTTTTTTTC
sg1979,Gene1979,TTGTCTTTTCTTTTTTTTTT
sg1980,Gene1980,ATCTTTTTTTTTTTTTTTTT
sg1981,Gene1981,TTTTTTTTTTTTGTTTGTTT
sg1982,Gene1982,CTTTTTTTTGTTTATGTTTT
sg1983,Gene1983,TTTTTTTTTTTTTCTTTTTT
sg1984,Gene1984,TTTTTTTTATTCTTGCATAT
sg1985,Gene1985,TTGTCTTTTTTCATTTTTTC
sg1986,Gene1986,TTCTCTTATTCTTTTTTGTG
sg1987,Gene1987,TGTTTTTTTCGTTATCTGTT
sg1988,Gene1988,ATTTTTTTTCTTTTTTTTTT
sg1989,Gene1989,TTTTTTTGTTTTTTAATTTT
sg1990,Gene1990,TTTTTACTTTTTTTCTTTTT
sg1991,Gene1991,TTTTTTTTTTTGGTTGTTTT
sg1992,Gene1992,TTTTTCTTTTTTTTTTTTCT
sg1993,Gene1993,TCCTATTTTTGTTTTTTTTT
sg1994,Gene1994,TTTTTTTTTTTTTTTTTTGT
sg1995,Gene1995,TCATTTCTTAATTTACTGTT
sg1996,Gene1996,TTTTTTCTTTTTTTGTTTTT
sg1997,Gene1997,ATTTTATGTTTTATTTTCTT
sg1998,Gene1998,TTTTCTTTTTTTGGATCTTT
sg1999,Gene1999,TGTCGTATTATTTTCTTTAT
sg2000,Gene2000,TTTTTTTATTTTTTGTTTAT
